File Name,Flat Fee,Annual fee threshold 1,Annual fee Threshold 2,Annual fee Threshold 3,Annual fee Threshold 4,Annual fee Threshold 5,Annual fee Threshold 6,Annual fee Threshold 7,Annual fee Threshold 8,Minimum investment (Amount/No),Negotiable (Yes/No),Negotiable threshold (Number/ N/A),Verification Summary,Digit % Count,Dollar Count,Fee Count,Text Length,Adviser_ID1,Adviser_ID2,Filing_Date,Month,Filing_Year,Flat_Fee_Flag,Flat_Fee_Value,Flat_Fee_Original,Fee_Pct_Min_1,Fee_Pct_Max_1,Fee_Pct_1,Fee_Is_Range_1,Threshold_Lower_1,Threshold_Upper_1,Min_Fee_1,Has_Min_Fee_1,Fee_Pct_Min_2,Fee_Pct_Max_2,Fee_Pct_2,Fee_Is_Range_2,Threshold_Lower_2,Threshold_Upper_2,Min_Fee_2,Has_Min_Fee_2,Fee_Pct_Min_3,Fee_Pct_Max_3,Fee_Pct_3,Fee_Is_Range_3,Threshold_Lower_3,Threshold_Upper_3,Min_Fee_3,Has_Min_Fee_3,Fee_Pct_Min_4,Fee_Pct_Max_4,Fee_Pct_4,Fee_Is_Range_4,Threshold_Lower_4,Threshold_Upper_4,Min_Fee_4,Has_Min_Fee_4,Fee_Pct_Min_5,Fee_Pct_Max_5,Fee_Pct_5,Fee_Is_Range_5,Threshold_Lower_5,Threshold_Upper_5,Min_Fee_5,Has_Min_Fee_5,Fee_Pct_Min_6,Fee_Pct_Max_6,Fee_Pct_6,Fee_Is_Range_6,Threshold_Lower_6,Threshold_Upper_6,Min_Fee_6,Has_Min_Fee_6,Fee_Pct_Min_7,Fee_Pct_Max_7,Fee_Pct_7,Fee_Is_Range_7,Threshold_Lower_7,Threshold_Upper_7,Min_Fee_7,Has_Min_Fee_7,Fee_Pct_Min_8,Fee_Pct_Max_8,Fee_Pct_8,Fee_Is_Range_8,Threshold_Lower_8,Threshold_Upper_8,Min_Fee_8,Has_Min_Fee_8,Min_Investment_Amount,Has_Min_Investment,Is_Negotiable,Negotiable_Threshold,Verification_Ratio,Products,Num_Products,Effective_Fee_1M,Effective_Fee_5M,Processing_Timestamp,Source_Filename
adv_brochures_2022_sep.zip_extracted\1037_372960_1_20220928_fees_section.txt.txt,$125 [VERIFIED],"$0 - $500,000 (0.78%) [VERIFIED]","$500,001 - $1,000,000 (0.58%) [VERIFIED]","$1,000,001 - $5,000,000 (0.38%) [VERIFIED]","$5,000,001 - $7,500,000 (0.33%) [VERIFIED]","$7,500,001 - $15,000,000 (0.28%) [VERIFIED]","$15,000,000+ (0.23%) [VERIFIED]",,,No,Yes,No,"1,2,3,4,5,6,7",14,20,48,8051,1037,372960,2022-09-28,sep,2022,$125 [VERIFIED],125.0,$125 [VERIFIED],0.0078000000000000005,0.0078000000000000005,0.0078000000000000005,False,0.0,500000.0,,False,0.0058,0.0058,0.0058,False,500001.0,1000000.0,,False,0.0038,0.0038,0.0038,False,1000001.0,5000000.0,,False,0.0033,0.0033,0.0033,False,5000001.0,7500000.0,,False,0.0028000000000000004,0.0028000000000000004,0.0028000000000000004,False,7500001.0,15000000.0,,False,0.0023,0.0023,0.0023,False,0.0,inf,15000000.0,True,,,,False,,,,False,,,,False,,,,False,0.0,0,1,0.0,0.5384615384615384,"[[(1, 0.0, 0.0078000000000000005), (2, 500001.0, 0.0058), (3, 1000001.0, 0.0038), (4, 5000001.0, 0.0033), (5, 7500001.0, 0.0028000000000000004)], [(6, 0.0, 0.0023)]]",2,0.0023,0.0023,2025-05-08 10:29:27,fee_analysis_adv_brochures_2022_sep.zip_extracted.csv
adv_brochures_2022_sep.zip_extracted\10409_273031_18_20220916_fees_section.txt.txt,No,,,,,,,,,No,Yes,No,,22,2,66,9057,10409,273031,2022-09-16,sep,2022,False,,,,,,False,,,,False,,,,False,,,,False,,,,False,,,,False,,,,False,,,,False,,,,False,,,,False,,,,False,,,,False,,,,False,,,,False,,,,False,,,,False,0.0,0,1,0.0,0.0,[],0,,,2025-05-08 10:29:27,fee_analysis_adv_brochures_2022_sep.zip_extracted.csv
adv_brochures_2022_sep.zip_extracted\10409_273034_22_20220916_fees_section.txt.txt,No,,,,,,,,,No,Yes,No,,26,5,139,21623,10409,273034,2022-09-16,sep,2022,False,,,,,,False,,,,False,,,,False,,,,False,,,,False,,,,False,,,,False,,,,False,,,,False,,,,False,,,,False,,,,False,,,,False,,,,False,,,,False,,,,False,0.0,0,1,0.0,0.0,[],0,,,2025-05-08 10:29:27,fee_analysis_adv_brochures_2022_sep.zip_extracted.csv
adv_brochures_2022_sep.zip_extracted\10409_303620_11_20220916_fees_section.txt.txt,No,"$500 - $25,000 (N/A) [VERIFIED]","$25,001+ (N/A) [VERIFIED]",,,,,,,No,Yes,No,"2,3",1,7,27,15119,10409,303620,2022-09-16,sep,2022,False,,,,,,False,500.0,25000.0,,False,,,,False,25001.0,inf,,False,,,,False,,,,False,,,,False,,,,False,,,,False,,,,False,,,,False,,,,False,,,,False,,,,False,,,,False,,,,False,0.0,0,1,0.0,0.15384615384615385,[],0,,,2025-05-08 10:29:27,fee_analysis_adv_brochures_2022_sep.zip_extracted.csv
adv_brochures_2022_sep.zip_extracted\10409_355656_5_20220916_fees_section.txt.txt,No,,,,,,,,,No,Yes,No,,2,0,32,4302,10409,355656,2022-09-16,sep,2022,False,,,,,,False,,,,False,,,,False,,,,False,,,,False,,,,False,,,,False,,,,False,,,,False,,,,False,,,,False,,,,False,,,,False,,,,False,,,,False,,,,False,0.0,0,1,0.0,0.0,[],0,,,2025-05-08 10:29:27,fee_analysis_adv_brochures_2022_sep.zip_extracted.csv
adv_brochures_2022_sep.zip_extracted\10409_83006_26_20220916_fees_section.txt.txt,1.00% [VERIFIED],,,,,,,,,No,Yes,No,1,2,0,30,4423,10409,83006,2022-09-16,sep,2022,1.00% [VERIFIED],0.01,1.00% [VERIFIED],,,,False,,,,False,,,,False,,,,False,,,,False,,,,False,,,,False,,,,False,,,,False,,,,False,,,,False,,,,False,,,,False,,,,False,,,,False,,,,False,0.0,0,1,0.0,0.07692307692307693,[],0,,,2025-05-08 10:29:27,fee_analysis_adv_brochures_2022_sep.zip_extracted.csv
adv_brochures_2022_sep.zip_extracted\104517_372348_1_20220901_fees_section.txt.txt,No fee information available.,-1,-1,-1,-1,-1,-1,-1,-1,-1,-1,-1,-1,0,0,0,0,104517,372348,2022-09-01,sep,2022,No fee information available.,,,,,,False,,,,False,,,,False,,,,False,,,,False,,,,False,,,,False,,,,False,,,,False,,,,False,,,,False,,,,False,,,,False,,,,False,,,,False,,,,False,0.0,0,0,0.0,0.07692307692307693,[],0,,,2025-05-08 10:29:27,fee_analysis_adv_brochures_2022_sep.zip_extracted.csv
adv_brochures_2022_sep.zip_extracted\104531_368131_2_20220930_fees_section.txt.txt,No,"Under $5,000,000 (1.00%) [VERIFIED]","$5,000,001 - $10,000,000 (0.85%) [VERIFIED]","$10,000,001+ (Negotiated) [VERIFIED]","Under $5,000,000 (1.00%) [VERIFIED]","$5,000,001 - $10,000,000 (0.85%) [VERIFIED]","$10,000,001+ (Negotiated) [VERIFIED]","Under $10,000,000 (0.70%) [VERIFIED]","$10,000,001 - $30,000,000 (0.60%) [VERIFIED]","$30,000,001+ (0.50%) [VERIFIED]",Yes,No,"2,3,4,5,6,7,8,9,10",11,19,21,3041,104531,368131,2022-09-30,sep,2022,False,,,0.01,0.01,0.01,False,5000000.0,5000000.0,,False,0.0085,0.0085,0.0085,False,5000001.0,10000000.0,,False,,,,False,10000001.0,inf,,False,0.01,0.01,0.01,False,5000000.0,5000000.0,,False,0.0085,0.0085,0.0085,False,5000001.0,10000000.0,,False,,,,False,10000001.0,inf,,False,0.006999999999999999,0.006999999999999999,0.006999999999999999,False,10000000.0,10000000.0,,False,0.006,0.006,0.006,False,10000001.0,30000000.0,,False,30000001.0,1,1,0.0,0.6923076923076923,"[[(1, 5000000.0, 0.01), (2, 5000001.0, 0.0085), (4, 5000000.0, 0.01), (5, 5000001.0, 0.0085), (7, 10000000.0, 0.006999999999999999), (8, 10000001.0, 0.006)]]",1,0.0085000015,0.008500000300000001,2025-05-08 10:29:27,fee_analysis_adv_brochures_2022_sep.zip_extracted.csv
adv_brochures_2022_sep.zip_extracted\104555_293083_9_20220920_fees_section.txt.txt,"""No fee information available.""",-1,-1,-1,-1,-1,-1,-1,-1,-1,-1,-1,-1,0,0,0,0,104555,293083,2022-09-20,sep,2022,"""No fee information available.""",,,,,,False,,,,False,,,,False,,,,False,,,,False,,,,False,,,,False,,,,False,,,,False,,,,False,,,,False,,,,False,,,,False,,,,False,,,,False,,,,False,0.0,0,0,0.0,0.07692307692307693,[],0,,,2025-05-08 10:29:27,fee_analysis_adv_brochures_2022_sep.zip_extracted.csv
adv_brochures_2022_sep.zip_extracted\104557_61958_15_20220928_fees_section.txt.txt,No,"$0 - $249,999 (1.25%) [VERIFIED]","$250,000 - $749,999 (1.00%) [VERIFIED]","$750,000 - $1,249,999 (0.85%) [VERIFIED]","$1,250,000 - $1,749,999 (0.80%) [VERIFIED]","$1,750,000+ (Negotiable) [VERIFIED]",,,,No,Yes,No,"2,3,4,5,6",8,12,31,9710,104557,61958,2022-09-28,sep,2022,False,,,0.0125,0.0125,0.0125,False,0.0,249999.0,,False,0.01,0.01,0.01,False,250000.0,749999.0,,False,0.0085,0.0085,0.0085,False,750000.0,1249999.0,,False,0.008,0.008,0.008,False,1250000.0,1749999.0,,False,,,,False,1750000.0,inf,,False,,,,False,,,,False,,,,False,,,,False,,,,False,,,,False,0.0,0,1,0.0,0.38461538461538464,"[[(1, 0.0, 0.0125), (2, 250000.0, 0.01), (3, 750000.0, 0.0085), (4, 1250000.0, 0.008)]]",1,0.01025,0.008475,2025-05-08 10:29:27,fee_analysis_adv_brochures_2022_sep.zip_extracted.csv
adv_brochures_2022_sep.zip_extracted\104616_68689_13_20220915_fees_section.txt.txt,No,"$0 - $1,250,000 (1.00%) [VERIFIED]","$1,250,001 - $3,000,000 (0.75%) [VERIFIED]","$3,000,001+ (Negotiable) [VERIFIED]",,,,,,"$250,000 [VERIFIED]",Yes,"$3,000,000 [VERIFIED]","2,3,4,10,12",7,11,13,1607,104616,68689,2022-09-15,sep,2022,False,,,0.01,0.01,0.01,False,0.0,1250000.0,,False,0.0075,0.0075,0.0075,False,1250001.0,3000000.0,,False,,,,False,3000001.0,inf,,False,,,,False,,,,False,,,,False,,,,False,,,,False,,,,False,,,,False,,,,False,,,,False,,,,False,250000.0,1,1,3000000.0,0.38461538461538464,"[[(1, 0.0, 0.01), (2, 1250001.0, 0.0075)]]",1,0.01,0.0081250005,2025-05-08 10:29:27,fee_analysis_adv_brochures_2022_sep.zip_extracted.csv
adv_brochures_2022_sep.zip_extracted\104808_40511_18_20220923_fees_section.txt.txt,No,"$0 - $125,000 (0.90%) [VERIFIED]","$125,001 - $250,000 (0.648%) [VERIFIED]","$250,001 - $500,000 (0.466%) [VERIFIED]","$500,001 - $1,000,000 (0.335%) [VERIFIED]","$1,000,001+ (0.25%) [VERIFIED]",,,,$600 [VERIFIED],Yes,No,"2,3,4,5,6,10",7,11,62,7620,104808,40511,2022-09-23,sep,2022,False,,,0.009000000000000001,0.009000000000000001,0.009000000000000001,False,0.0,125000.0,,False,0.0064800000000000005,0.0064800000000000005,0.0064800000000000005,False,125001.0,250000.0,,False,0.00466,0.00466,0.00466,False,250001.0,500000.0,,False,0.00335,0.00335,0.00335,False,500001.0,1000000.0,,False,0.0025,0.0025,0.0025,False,0.0,inf,1000001.0,True,,,,False,,,,False,,,,False,,,,False,,,,False,,,,False,600.0,1,1,0.0,0.46153846153846156,"[[(1, 0.0, 0.009000000000000001), (2, 125001.0, 0.0064800000000000005), (3, 250001.0, 0.00466), (4, 500001.0, 0.00335)], [(5, 0.0, 0.0025)]]",2,0.0025,0.0025,2025-05-08 10:29:27,fee_analysis_adv_brochures_2022_sep.zip_extracted.csv
adv_brochures_2022_sep.zip_extracted\104864_372656_1_20220916_fees_section.txt.txt,No,"$0 - $2,000,000 (0.50%) [VERIFIED]","$2,000,001 - $10,000,000 (0.25%) [VERIFIED]","$10,000,001 - $20,000,000 (0.15%) [VERIFIED]","$20,000,001+ (0.10%) [VERIFIED]",,,,,"$2,000,000 [VERIFIED]",Yes,No,"2,3,4,5,10",5,6,24,3349,104864,372656,2022-09-16,sep,2022,False,,,0.005,0.005,0.005,False,0.0,2000000.0,,False,0.0025,0.0025,0.0025,False,2000001.0,10000000.0,,False,0.0015,0.0015,0.0015,False,10000001.0,20000000.0,,False,0.001,0.001,0.001,False,0.0,inf,20000001.0,True,,,,False,,,,False,,,,False,,,,False,,,,False,,,,False,,,,False,,,,False,2000000.0,1,1,0.0,0.38461538461538464,"[[(1, 0.0, 0.005), (2, 2000001.0, 0.0025), (3, 10000001.0, 0.0015)], [(4, 0.0, 0.001)]]",2,0.001,0.001,2025-05-08 10:29:27,fee_analysis_adv_brochures_2022_sep.zip_extracted.csv
adv_brochures_2022_sep.zip_extracted\104880_37890_14_20220914_fees_section.txt.txt,No,"$0 - $20,000,000 (1.00%) [VERIFIED]","$20,000,001 - $50,000,000 (0.50%) [VERIFIED]","$50,000,001 - $100,000,000 (0.30%) [VERIFIED]","$100,000,001+ (0.25%) [VERIFIED]",,,,0.20% - 1.00% [VERIFIED],"$100,000 [VERIFIED]",Yes,No,"2,3,4,5,9,10",7,6,33,4814,104880,37890,2022-09-14,sep,2022,False,,,0.01,0.01,0.01,False,0.0,20000000.0,,False,0.005,0.005,0.005,False,20000001.0,50000000.0,,False,0.003,0.003,0.003,False,50000001.0,100000000.0,,False,0.0025,0.0025,0.0025,False,0.0,inf,100000001.0,True,,,,False,,,,False,,,,False,,,,False,,,,False,,,,False,0.002,0.002,0.002,False,,,,False,100000.0,1,1,0.0,0.46153846153846156,"[[(1, 0.0, 0.01), (2, 20000001.0, 0.005), (3, 50000001.0, 0.003)], [(4, 0.0, 0.0025)]]",2,0.0025,0.0025,2025-05-08 10:29:27,fee_analysis_adv_brochures_2022_sep.zip_extracted.csv
adv_brochures_2022_sep.zip_extracted\104880_37890_15_20220914_fees_section.txt.txt,No,"$0 - $20,000,000 (1.00%) [VERIFIED]","$20,000,001 - $50,000,000 (0.50%) [VERIFIED]","$50,000,001 - $100,000,000 (0.30%) [VERIFIED]","$100,000,001+ (0.25%) [VERIFIED]",,,,,"$100,000 [VERIFIED]",Yes,No,"2,3,4,5,10",7,6,33,4814,104880,37890,2022-09-14,sep,2022,False,,,0.01,0.01,0.01,False,0.0,20000000.0,,False,0.005,0.005,0.005,False,20000001.0,50000000.0,,False,0.003,0.003,0.003,False,50000001.0,100000000.0,,False,0.0025,0.0025,0.0025,False,0.0,inf,100000001.0,True,,,,False,,,,False,,,,False,,,,False,,,,False,,,,False,,,,False,,,,False,100000.0,1,1,0.0,0.38461538461538464,"[[(1, 0.0, 0.01), (2, 20000001.0, 0.005), (3, 50000001.0, 0.003)], [(4, 0.0, 0.0025)]]",2,0.0025,0.0025,2025-05-08 10:29:27,fee_analysis_adv_brochures_2022_sep.zip_extracted.csv
adv_brochures_2022_sep.zip_extracted\104952_302455_9_20220902_fees_section.txt.txt,No,"$0 - $1,000,000 (1.30%) [VERIFIED]","$1,000,001 - $1,750,000 (1.20%) [VERIFIED]","$1,750,001 - $2,500,000 (1.10%) [VERIFIED]","$2,500,001 - $3,750,000 (1.00%) [VERIFIED]","$3,750,001 - $5,000,000 (0.90%) [VERIFIED]","$5,000,001 - $10,000,000 (0.80%) [VERIFIED]","$10,000,001 - $25,000,000 (0.70%) [VERIFIED]","$25,000,001 - $50,000,000 (0.60%) [VERIFIED]","$50,000,001 - $100,000,000 (0.50%) [VERIFIED]","$100,000,001+ (0.40%) [VERIFIED]",No,"2,3,4,5,6,7,8,9,10,11",20,19,28,7278,104952,302455,2022-09-02,sep,2022,False,,,0.013000000000000001,0.013000000000000001,0.013000000000000001,False,0.0,1000000.0,,False,0.012,0.012,0.012,False,1000001.0,1750000.0,,False,0.011000000000000001,0.011000000000000001,0.011000000000000001,False,1750001.0,2500000.0,,False,0.01,0.01,0.01,False,2500001.0,3750000.0,,False,0.009000000000000001,0.009000000000000001,0.009000000000000001,False,3750001.0,5000000.0,,False,0.008,0.008,0.008,False,5000001.0,10000000.0,,False,0.006999999999999999,0.006999999999999999,0.006999999999999999,False,10000001.0,25000000.0,,False,0.006,0.006,0.006,False,25000001.0,50000000.0,,False,50000001.0,1,0,0.0,0.7692307692307693,"[[(1, 0.0, 0.013000000000000001), (2, 1000001.0, 0.012), (3, 1750001.0, 0.011000000000000001), (4, 2500001.0, 0.01), (5, 3750001.0, 0.009000000000000001), (6, 5000001.0, 0.008), (7, 10000001.0, 0.006999999999999999), (8, 25000001.0, 0.006)]]",1,0.013000000000000001,0.0108000008,2025-05-08 10:29:27,fee_analysis_adv_brochures_2022_sep.zip_extracted.csv
adv_brochures_2022_sep.zip_extracted\104969_65642_20_20220926_fees_section.txt.txt,No,"$0 - $5,000,000 (1.00%) [VERIFIED]","$5,000,001 - $10,000,000 (0.75%) [VERIFIED]","$10,000,001 - $25,000,000 (0.50%) [VERIFIED]","$25,000,001+ (0.40%) [VERIFIED]",,,,0.18% - 1.50% [VERIFIED],No,Yes,No,"2,3,4,5,9",6,3,34,3596,104969,65642,2022-09-26,sep,2022,False,,,0.01,0.01,0.01,False,0.0,5000000.0,,False,0.0075,0.0075,0.0075,False,5000001.0,10000000.0,,False,0.005,0.005,0.005,False,10000001.0,25000000.0,,False,0.004,0.004,0.004,False,0.0,inf,25000001.0,True,,,,False,,,,False,,,,False,,,,False,,,,False,,,,False,0.0018,0.0018,0.0018,False,,,,False,0.0,0,1,0.0,0.38461538461538464,"[[(1, 0.0, 0.01), (2, 5000001.0, 0.0075), (3, 10000001.0, 0.005)], [(4, 0.0, 0.004)]]",2,0.004,0.004,2025-05-08 10:29:27,fee_analysis_adv_brochures_2022_sep.zip_extracted.csv
adv_brochures_2022_sep.zip_extracted\105153_47359_14_20220916_fees_section.txt.txt,No,"$0 - $2,000,000 (1.00%) [VERIFIED]","$2,000,001 - $5,000,000 (0.60%) [VERIFIED]","$5,000,001 - $10,000,000 (0.50%) [VERIFIED]","$10,000,001 - $25,000,000 (0.40%) [VERIFIED]","$25,000,001+ (0.30%) [VERIFIED]",,,,No,Yes,No,"2,3,4,5,6",5,5,12,2003,105153,47359,2022-09-16,sep,2022,False,,,0.01,0.01,0.01,False,0.0,2000000.0,,False,0.006,0.006,0.006,False,2000001.0,5000000.0,,False,0.005,0.005,0.005,False,5000001.0,10000000.0,,False,0.004,0.004,0.004,False,10000001.0,25000000.0,,False,0.003,0.003,0.003,False,0.0,inf,25000001.0,True,,,,False,,,,False,,,,False,,,,False,,,,False,,,,False,0.0,0,1,0.0,0.38461538461538464,"[[(1, 0.0, 0.01), (2, 2000001.0, 0.006), (3, 5000001.0, 0.005), (4, 10000001.0, 0.004)], [(5, 0.0, 0.003)]]",2,0.003,0.003,2025-05-08 10:29:27,fee_analysis_adv_brochures_2022_sep.zip_extracted.csv
adv_brochures_2022_sep.zip_extracted\105247_256124_22_20220901_fees_section.txt.txt,No fee information available.,-1,-1,-1,-1,-1,-1,-1,-1,-1,-1,-1,-1,0,0,6,2265,105247,256124,2022-09-01,sep,2022,No fee information available.,,,,,,False,,,,False,,,,False,,,,False,,,,False,,,,False,,,,False,,,,False,,,,False,,,,False,,,,False,,,,False,,,,False,,,,False,,,,False,,,,False,0.0,0,0,0.0,0.07692307692307693,[],0,,,2025-05-08 10:29:27,fee_analysis_adv_brochures_2022_sep.zip_extracted.csv
adv_brochures_2022_sep.zip_extracted\105325_112038_11_20220930_fees_section.txt.txt,No,"$0 - $25,000,000 (0.75%) [VERIFIED]","$25,000,001 - $50,000,000 (0.70%) [VERIFIED]","$50,000,001 - $100,000,000 (0.65%) [VERIFIED]","$100,000,001+ (0.50%) [VERIFIED]",,,,,No,Yes,No,"2,3,4,5",11,103,31,19576,105325,112038,2022-09-30,sep,2022,False,,,0.0075,0.0075,0.0075,False,0.0,25000000.0,,False,0.006999999999999999,0.006999999999999999,0.006999999999999999,False,25000001.0,50000000.0,,False,0.006500000000000001,0.006500000000000001,0.006500000000000001,False,50000001.0,100000000.0,,False,0.005,0.005,0.005,False,0.0,inf,100000001.0,True,,,,False,,,,False,,,,False,,,,False,,,,False,,,,False,,,,False,,,,False,0.0,0,1,0.0,0.3076923076923077,"[[(1, 0.0, 0.0075), (2, 25000001.0, 0.006999999999999999), (3, 50000001.0, 0.006500000000000001)], [(4, 0.0, 0.005)]]",2,0.005,0.005,2025-05-08 10:29:27,fee_analysis_adv_brochures_2022_sep.zip_extracted.csv
adv_brochures_2022_sep.zip_extracted\105325_47225_14_20220930_fees_section.txt.txt,No,,,,,,,"$0 - $1,250,000 (0.03% - 1.25%) [VERIFIED]","$0 - $500,000 (0.20% - 0.50%) [VERIFIED]",No,Yes,No,"8,9",8,0,20,12930,105325,47225,2022-09-30,sep,2022,False,,,,,0.0125,False,,,,False,,,0.0003,False,,,,False,,,,False,,,,False,,,,False,,,,False,,,,False,,,,False,,,,False,,,,False,0.0003,0.0125,,True,0.0,1250000.0,,False,0.002,0.005,,True,0.0,500000.0,,False,0.0,0,1,0.0,0.15384615384615385,"[[(1, 0, 0.0003), (2, 0, 0.002)], [(1, 0, 0.0125), (2, 0, 0.005)]]",2,0.002,0.002,2025-05-08 10:29:27,fee_analysis_adv_brochures_2022_sep.zip_extracted.csv
adv_brochures_2022_sep.zip_extracted\105435_271562_15_20220920_fees_section.txt.txt,No,,,,,,,,,"$100,000 [VERIFIED]",Yes,No,10,0,1,53,7849,105435,271562,2022-09-20,sep,2022,False,,,,,,False,,,,False,,,,False,,,,False,,,,False,,,,False,,,,False,,,,False,,,,False,,,,False,,,,False,,,,False,,,,False,,,,False,,,,False,,,,False,100000.0,1,1,0.0,0.07692307692307693,[],0,,,2025-05-08 10:29:27,fee_analysis_adv_brochures_2022_sep.zip_extracted.csv
adv_brochures_2022_sep.zip_extracted\105437_372330_2_20220901_fees_section.txt.txt,No,"$0 - $2,000,000 (0.75%) [VERIFIED]","$2,000,001 - $3,500,000 (0.60%) [VERIFIED]","$3,500,001 - $5,000,000 (0.50%) [VERIFIED]","$5,000,001 - $10,000,000 (0.40%) [VERIFIED]","$10,000,001+ (0.25%) [VERIFIED]",,,,"$100,000 [VERIFIED]",Yes,No,"2,3,4,5,6,10",7,13,40,6077,105437,372330,2022-09-01,sep,2022,False,,,0.0075,0.0075,0.0075,False,0.0,2000000.0,,False,0.006,0.006,0.006,False,2000001.0,3500000.0,,False,0.005,0.005,0.005,False,3500001.0,5000000.0,,False,0.004,0.004,0.004,False,5000001.0,10000000.0,,False,0.0025,0.0025,0.0025,False,0.0,inf,10000001.0,True,,,,False,,,,False,,,,False,,,,False,,,,False,,,,False,100000.0,1,1,0.0,0.46153846153846156,"[[(1, 0.0, 0.0075), (2, 2000001.0, 0.006), (3, 3500001.0, 0.005), (4, 5000001.0, 0.004)], [(5, 0.0, 0.0025)]]",2,0.0025,0.0025,2025-05-08 10:29:27,fee_analysis_adv_brochures_2022_sep.zip_extracted.csv
adv_brochures_2022_sep.zip_extracted\105525_372580_1_20220914_fees_section.txt.txt,"""No fee information available.""",,,,,,,,,,,,,0,0,17,1879,105525,372580,2022-09-14,sep,2022,"""No fee information available.""",,,,,,False,,,,False,,,,False,,,,False,,,,False,,,,False,,,,False,,,,False,,,,False,,,,False,,,,False,,,,False,,,,False,,,,False,,,,False,,,,False,0.0,0,0,0.0,0.0,[],0,,,2025-05-08 10:29:27,fee_analysis_adv_brochures_2022_sep.zip_extracted.csv
adv_brochures_2022_sep.zip_extracted\105548_369825_4_20220930_fees_section.txt.txt,No fee information available.,-1,-1,-1,-1,-1,-1,-1,-1,-1,-1,-1,-1,0,0,0,306,105548,369825,2022-09-30,sep,2022,No fee information available.,,,,,,False,,,,False,,,,False,,,,False,,,,False,,,,False,,,,False,,,,False,,,,False,,,,False,,,,False,,,,False,,,,False,,,,False,,,,False,,,,False,0.0,0,0,0.0,0.07692307692307693,[],0,,,2025-05-08 10:29:27,fee_analysis_adv_brochures_2022_sep.zip_extracted.csv
adv_brochures_2022_sep.zip_extracted\105548_372957_1_20220928_fees_section.txt.txt,No fee information available.,-1,-1,-1,-1,-1,-1,-1,-1,-1,-1,-1,-1,0,0,0,352,105548,372957,2022-09-28,sep,2022,No fee information available.,,,,,,False,,,,False,,,,False,,,,False,,,,False,,,,False,,,,False,,,,False,,,,False,,,,False,,,,False,,,,False,,,,False,,,,False,,,,False,,,,False,0.0,0,0,0.0,0.07692307692307693,[],0,,,2025-05-08 10:29:27,fee_analysis_adv_brochures_2022_sep.zip_extracted.csv
adv_brochures_2022_sep.zip_extracted\105548_372958_1_20220928_fees_section.txt.txt,No fee information available.,-1,-1,-1,-1,-1,-1,-1,-1,-1,-1,-1,-1,0,0,0,347,105548,372958,2022-09-28,sep,2022,No fee information available.,,,,,,False,,,,False,,,,False,,,,False,,,,False,,,,False,,,,False,,,,False,,,,False,,,,False,,,,False,,,,False,,,,False,,,,False,,,,False,,,,False,0.0,0,0,0.0,0.07692307692307693,[],0,,,2025-05-08 10:29:27,fee_analysis_adv_brochures_2022_sep.zip_extracted.csv
adv_brochures_2022_sep.zip_extracted\105637_93539_17_20220914_fees_section.txt.txt,"""No fee information available.""",-1,-1,-1,-1,-1,-1,-1,-1,-1,-1,-1,-1,2,0,26,3482,105637,93539,2022-09-14,sep,2022,"""No fee information available.""",,,,,,False,,,,False,,,,False,,,,False,,,,False,,,,False,,,,False,,,,False,,,,False,,,,False,,,,False,,,,False,,,,False,,,,False,,,,False,,,,False,0.0,0,0,0.0,0.07692307692307693,[],0,,,2025-05-08 10:29:27,fee_analysis_adv_brochures_2022_sep.zip_extracted.csv
adv_brochures_2022_sep.zip_extracted\105643_102893_29_20220906_fees_section.txt.txt,No,"$0 - $5,000,000 (0.75% - 1.50%) [VERIFIED]","$5,000,001 - $10,000,000 (0.75% - 1.50%) [VERIFIED]","$10,000,001+ (0.75% - 1.50%) [VERIFIED]",,,,,,"$1,000,000 [VERIFIED]",Yes,"$1,000,000 [VERIFIED]","2,3,4,10,12",3,15,41,4506,105643,102893,2022-09-06,sep,2022,False,,,0.0075,0.015,0.015,True,0.0,5000000.0,,False,0.0075,0.015,,True,5000001.0,10000000.0,,False,0.0075,0.015,,True,0.0,inf,10000001.0,True,,,,False,,,,False,,,,False,,,,False,,,,False,,,,False,,,,False,,,,False,,,,False,,,,False,1000000.0,1,1,1000000.0,0.38461538461538464,"[[(1, 0, 0.0075), (2, 0, 0.0075), (3, 0, 0.0075)], [(1, 0, 0.015), (2, 0, 0.015), (3, 0, 0.015)]]",2,0.0075,0.0075,2025-05-08 10:29:27,fee_analysis_adv_brochures_2022_sep.zip_extracted.csv
adv_brochures_2022_sep.zip_extracted\105653_370364_2_20220923_fees_section.txt.txt,No,"$0 - $1,000,000 (1.05%) [VERIFIED]","$1,000,001 - $3,000,000 (0.55%) [VERIFIED]","$3,000,001 - $5,000,000 (0.45%) [VERIFIED]","$5,000,001 - $10,000,000 (0.35%) [VERIFIED]","$10,000,000+ (0.25%) [VERIFIED]",,,"$5,000 [VERIFIED]",Yes,No,,"2,3,4,5,6,9",13,16,40,5301,105653,370364,2022-09-23,sep,2022,False,,,0.0105,0.0105,0.0105,False,0.0,1000000.0,,False,0.0055000000000000005,0.0055000000000000005,0.0055000000000000005,False,1000001.0,3000000.0,,False,0.0045000000000000005,0.0045000000000000005,0.0045000000000000005,False,3000001.0,5000000.0,,False,0.0034999999999999996,0.0034999999999999996,0.0034999999999999996,False,5000001.0,10000000.0,,False,0.0025,0.0025,0.0025,False,0.0,inf,10000000.0,True,,,,False,,,,False,,,,False,,,,False,,,,False,5000.0,5000.0,,False,0.0,0,0,0.0,0.46153846153846156,"[[(1, 0.0, 0.0105), (2, 1000001.0, 0.0055000000000000005), (3, 3000001.0, 0.0045000000000000005), (4, 5000001.0, 0.0034999999999999996)], [(5, 0.0, 0.0025)]]",2,0.0025,0.0025,2025-05-08 10:29:27,fee_analysis_adv_brochures_2022_sep.zip_extracted.csv
adv_brochures_2022_sep.zip_extracted\105653_370364_3_20220923_fees_section.txt.txt,No,"$0 - $1,000,000 (1.05%) [VERIFIED]","$1,000,001 - $3,000,000 (0.55%) [VERIFIED]","$3,000,001 - $5,000,000 (0.45%) [VERIFIED]","$5,000,001 - $10,000,000 (0.35%) [VERIFIED]","$10,000,000+ (0.25%) [VERIFIED]",,,"$5,000 [VERIFIED]",Yes,No,,"2,3,4,5,6,9",13,16,40,5301,105653,370364,2022-09-23,sep,2022,False,,,0.0105,0.0105,0.0105,False,0.0,1000000.0,,False,0.0055000000000000005,0.0055000000000000005,0.0055000000000000005,False,1000001.0,3000000.0,,False,0.0045000000000000005,0.0045000000000000005,0.0045000000000000005,False,3000001.0,5000000.0,,False,0.0034999999999999996,0.0034999999999999996,0.0034999999999999996,False,5000001.0,10000000.0,,False,0.0025,0.0025,0.0025,False,0.0,inf,10000000.0,True,,,,False,,,,False,,,,False,,,,False,,,,False,5000.0,5000.0,,False,0.0,0,0,0.0,0.46153846153846156,"[[(1, 0.0, 0.0105), (2, 1000001.0, 0.0055000000000000005), (3, 3000001.0, 0.0045000000000000005), (4, 5000001.0, 0.0034999999999999996)], [(5, 0.0, 0.0025)]]",2,0.0025,0.0025,2025-05-08 10:29:27,fee_analysis_adv_brochures_2022_sep.zip_extracted.csv
adv_brochures_2022_sep.zip_extracted\105736_367175_3_20220927_fees_section.txt.txt,"$1,000 [VERIFIED]",,,,,,,,0.80% - 3.0% [VERIFIED],No,Yes,No,"1,9",7,7,65,9277,105736,367175,2022-09-27,sep,2022,"$1,000 [VERIFIED]",1000.0,"$1,000 [VERIFIED]",,,,False,,,,False,,,,False,,,,False,,,,False,,,,False,,,,False,,,,False,,,,False,,,,False,,,,False,,,,False,,,,False,,,,False,0.008,0.008,0.008,False,,,,False,0.0,0,1,0.0,0.15384615384615385,[],0,,,2025-05-08 10:29:27,fee_analysis_adv_brochures_2022_sep.zip_extracted.csv
adv_brochures_2022_sep.zip_extracted\105736_367176_3_20220927_fees_section.txt.txt,No,"$0 - $1,000,000 (1.0%) [VERIFIED]","$1,000,001 - $3,000,000 (0.5%) [VERIFIED]","$3,000,001 - $6,000,000 (0.3%) [VERIFIED]","$6,000,000+ (0.2%) [VERIFIED]","$0 - $1,000,000 (1.25%) [VERIFIED]","$1,000,001 - $3,000,000 (0.8%) [VERIFIED]","$3,000,001 - $6,000,000 (0.6%) [VERIFIED]","$6,000,000+ (0.4%) [VERIFIED]",,Yes,,"2,3,4,5,6,7,8,9",13,28,85,19252,105736,367176,2022-09-27,sep,2022,False,,,0.01,0.01,0.01,False,0.0,1000000.0,,False,0.005,0.005,0.005,False,1000001.0,3000000.0,,False,0.003,0.003,0.003,False,3000001.0,6000000.0,,False,0.002,0.002,0.002,False,0.0,inf,6000000.0,True,0.0125,0.0125,0.0125,False,0.0,1000000.0,,False,0.008,0.008,0.008,False,1000001.0,3000000.0,,False,0.006,0.006,0.006,False,3000001.0,6000000.0,,False,0.004,0.004,0.004,False,0.0,inf,6000000.0,True,0.0,0,1,0.0,0.6153846153846154,"[[(1, 0.0, 0.01), (2, 1000001.0, 0.005), (3, 3000001.0, 0.003)], [(4, 0.0, 0.002)], [(5, 0.0, 0.0125), (6, 1000001.0, 0.008), (7, 3000001.0, 0.006)], [(8, 0.0, 0.004)]]",4,0.002,0.002,2025-05-08 10:29:27,fee_analysis_adv_brochures_2022_sep.zip_extracted.csv
adv_brochures_2022_sep.zip_extracted\105756_45225_35_20220914_fees_section.txt.txt,No,"$0 - $5,000,000 (0.90%) [VERIFIED]","$5,000,001+ (0.50%) [VERIFIED]",,,,,,,"$3,000,000 [VERIFIED]",Yes,No,"2,3,10",2,4,27,3633,105756,45225,2022-09-14,sep,2022,False,,,0.009000000000000001,0.009000000000000001,0.009000000000000001,False,0.0,5000000.0,,False,0.005,0.005,0.005,False,0.0,inf,5000001.0,True,,,,False,,,,False,,,,False,,,,False,,,,False,,,,False,,,,False,,,,False,,,,False,,,,False,,,,False,,,,False,3000000.0,1,1,0.0,0.23076923076923078,"[[(1, 0.0, 0.009000000000000001)], [(2, 0.0, 0.005)]]",2,0.005,0.005,2025-05-08 10:29:27,fee_analysis_adv_brochures_2022_sep.zip_extracted.csv
adv_brochures_2022_sep.zip_extracted\105778_363811_2_20220927_fees_section.txt.txt,"""No fee information available.""",-1,-1,-1,-1,-1,-1,-1,-1,-1,-1,-1,-1,0,0,0,0,105778,363811,2022-09-27,sep,2022,"""No fee information available.""",,,,,,False,,,,False,,,,False,,,,False,,,,False,,,,False,,,,False,,,,False,,,,False,,,,False,,,,False,,,,False,,,,False,,,,False,,,,False,,,,False,0.0,0,0,0.0,0.07692307692307693,[],0,,,2025-05-08 10:29:27,fee_analysis_adv_brochures_2022_sep.zip_extracted.csv
adv_brochures_2022_sep.zip_extracted\105966_369739_2_20220923_fees_section.txt.txt,No,,,,,,,,$0+ (up to 2.95%) [VERIFIED],No,Yes,No,9,2,3,42,6108,105966,369739,2022-09-23,sep,2022,False,,,,,,False,,,,False,,,,False,,,,False,,,,False,,,,False,,,,False,,,,False,,,,False,,,,False,,,,False,,,,False,,,,False,,,,False,0.029500000000000002,0.029500000000000002,0.029500000000000002,False,0.0,inf,0.0,True,0.0,0,1,0.0,0.07692307692307693,"[[(8, 0.0, 0.029500000000000002)]]",1,0.029500000000000002,0.0295,2025-05-08 10:29:27,fee_analysis_adv_brochures_2022_sep.zip_extracted.csv
adv_brochures_2022_sep.zip_extracted\105966_372844_1_20220923_fees_section.txt.txt,"""No fee information available.""",-1,-1,-1,-1,-1,-1,-1,-1,-1,-1,-1,-1,0,0,0,0,105966,372844,2022-09-23,sep,2022,"""No fee information available.""",,,,,,False,,,,False,,,,False,,,,False,,,,False,,,,False,,,,False,,,,False,,,,False,,,,False,,,,False,,,,False,,,,False,,,,False,,,,False,,,,False,0.0,0,0,0.0,0.07692307692307693,[],0,,,2025-05-08 10:29:27,fee_analysis_adv_brochures_2022_sep.zip_extracted.csv
adv_brochures_2022_sep.zip_extracted\105966_372845_1_20220923_fees_section.txt.txt,No fee information available.,-1,-1,-1,-1,-1,-1,-1,-1,-1,-1,-1,-1,0,0,0,360,105966,372845,2022-09-23,sep,2022,No fee information available.,,,,,,False,,,,False,,,,False,,,,False,,,,False,,,,False,,,,False,,,,False,,,,False,,,,False,,,,False,,,,False,,,,False,,,,False,,,,False,,,,False,0.0,0,0,0.0,0.07692307692307693,[],0,,,2025-05-08 10:29:27,fee_analysis_adv_brochures_2022_sep.zip_extracted.csv
adv_brochures_2022_sep.zip_extracted\105966_372846_1_20220923_fees_section.txt.txt,No fee information available.,-1,-1,-1,-1,-1,-1,-1,-1,-1,-1,-1,-1,0,0,0,163,105966,372846,2022-09-23,sep,2022,No fee information available.,,,,,,False,,,,False,,,,False,,,,False,,,,False,,,,False,,,,False,,,,False,,,,False,,,,False,,,,False,,,,False,,,,False,,,,False,,,,False,,,,False,0.0,0,0,0.0,0.07692307692307693,[],0,,,2025-05-08 10:29:27,fee_analysis_adv_brochures_2022_sep.zip_extracted.csv
adv_brochures_2022_sep.zip_extracted\106191_271419_15_20220929_fees_section.txt.txt,No,"""Less than $15 Million ($7,500/Quarter)"" [VERIFIED]",$15 - $30 Million (0.20%) [VERIFIED],$30 - $50 Million (0.15%) [VERIFIED],$50 - $100 Million (0.10%) [VERIFIED],$100 Million+ (0.05%) [VERIFIED],,,,No,Yes,No,"2,3,4,5,6",28,26,74,8415,106191,271419,2022-09-29,sep,2022,False,,,,,,False,15.0,15.0,,False,0.002,0.002,0.002,False,15.0,30.0,,False,0.0015,0.0015,0.0015,False,30.0,50.0,,False,0.001,0.001,0.001,False,50.0,100.0,,False,0.0005,0.0005,0.0005,False,100.0,100.0,,False,,,,False,,,,False,,,,False,,,,False,,,,False,,,,False,0.0,0,1,0.0,0.38461538461538464,"[[(2, 15.0, 0.002)], [(3, 30.0, 0.0015)], [(4, 50.0, 0.001)], [(5, 100.0, 0.0005)]]",4,0.0005,0.0005,2025-05-08 10:29:27,fee_analysis_adv_brochures_2022_sep.zip_extracted.csv
adv_brochures_2022_sep.zip_extracted\106288_291751_8_20220908_fees_section.txt.txt,No,,,,,,,"$0 - $1,000,000 (0.50% - 1.50%) [VERIFIED]","$1,000,000+ (0.50% - 1.50%) [VERIFIED]",No,Yes,"""Substantial size""","8,9",3,0,27,4007,106288,291751,2022-09-08,sep,2022,False,,,,,0.015,False,,,,False,,,0.005,False,,,,False,,,,False,,,,False,,,,False,,,,False,,,,False,,,,False,,,,False,,,,False,0.005,0.015,,True,0.0,1000000.0,,False,0.005,0.015,,True,0.0,inf,1000000.0,True,0.0,0,1,0.0,0.15384615384615385,"[[(1, 0, 0.005), (2, 0, 0.005)], [(1, 0, 0.015), (2, 0, 0.015)]]",2,0.005,0.005,2025-05-08 10:29:27,fee_analysis_adv_brochures_2022_sep.zip_extracted.csv
adv_brochures_2022_sep.zip_extracted\106295_86986_19_20220928_fees_section.txt.txt,No,"$0 - $3,000,000 (1.00%) [VERIFIED]","$3,000,001+ (0.80%) [VERIFIED]",,,,,,,No,Yes,No,"2,3",4,8,59,8331,106295,86986,2022-09-28,sep,2022,False,,,0.01,0.01,0.01,False,0.0,3000000.0,,False,0.008,0.008,0.008,False,0.0,inf,3000001.0,True,,,,False,,,,False,,,,False,,,,False,,,,False,,,,False,,,,False,,,,False,,,,False,,,,False,,,,False,,,,False,0.0,0,1,0.0,0.15384615384615385,"[[(1, 0.0, 0.01)], [(2, 0.0, 0.008)]]",2,0.008,0.008,2025-05-08 10:29:27,fee_analysis_adv_brochures_2022_sep.zip_extracted.csv
adv_brochures_2022_sep.zip_extracted\106304_349841_3_20220926_fees_section.txt.txt,No,"$0 - $250,000 (2.00%) [VERIFIED]","$250,001 - $500,000 (1.75%) [VERIFIED]","$500,001 - $1,000,000 (1.50%) [VERIFIED]","$1,000,001 - $1,999,999 (1.25%) [VERIFIED]","$2,000,000+ (1.00%) [VERIFIED]",,,,"$100,000 [VERIFIED]",Yes,"$2,000,000 [VERIFIED]","2,3,4,5,6,10,12",50,34,120,17719,106304,349841,2022-09-26,sep,2022,False,,,0.02,0.02,0.02,False,0.0,250000.0,,False,0.0175,0.0175,0.0175,False,250001.0,500000.0,,False,0.015,0.015,0.015,False,500001.0,1000000.0,,False,0.0125,0.0125,0.0125,False,1000001.0,1999999.0,,False,0.01,0.01,0.01,False,0.0,inf,2000000.0,True,,,,False,,,,False,,,,False,,,,False,,,,False,,,,False,100000.0,1,1,2000000.0,0.5384615384615384,"[[(1, 0.0, 0.02), (2, 250001.0, 0.0175), (3, 500001.0, 0.015), (4, 1000001.0, 0.0125)], [(5, 0.0, 0.01)]]",2,0.01,0.01,2025-05-08 10:29:27,fee_analysis_adv_brochures_2022_sep.zip_extracted.csv
adv_brochures_2022_sep.zip_extracted\106599_279046_12_20220919_fees_section.txt.txt,No,"$0 - $1,000,000 (1.00%) [VERIFIED]","$1,000,001 - $3,000,000 (0.75%) [VERIFIED]","$3,000,001 - $5,000,000 (0.60%) [VERIFIED]","$5,000,001 - $10,000,000 (0.50%) [VERIFIED]","$10,000,001+ (0.45%) [VERIFIED]",,,,No,Yes,No,"2,3,4,5,6",10,14,51,8375,106599,279046,2022-09-19,sep,2022,False,,,0.01,0.01,0.01,False,0.0,1000000.0,,False,0.0075,0.0075,0.0075,False,1000001.0,3000000.0,,False,0.006,0.006,0.006,False,3000001.0,5000000.0,,False,0.005,0.005,0.005,False,5000001.0,10000000.0,,False,0.0045000000000000005,0.0045000000000000005,0.0045000000000000005,False,0.0,inf,10000001.0,True,,,,False,,,,False,,,,False,,,,False,,,,False,,,,False,0.0,0,1,0.0,0.38461538461538464,"[[(1, 0.0, 0.01), (2, 1000001.0, 0.0075), (3, 3000001.0, 0.006), (4, 5000001.0, 0.005)], [(5, 0.0, 0.0045000000000000005)]]",2,0.0045000000000000005,0.0045000000000000005,2025-05-08 10:29:27,fee_analysis_adv_brochures_2022_sep.zip_extracted.csv
adv_brochures_2022_sep.zip_extracted\106614_256161_20_20220901_fees_section.txt.txt,No fee information available.,-1,-1,-1,-1,-1,-1,-1,-1,-1,-1,-1,-1,0,0,6,2265,106614,256161,2022-09-01,sep,2022,No fee information available.,,,,,,False,,,,False,,,,False,,,,False,,,,False,,,,False,,,,False,,,,False,,,,False,,,,False,,,,False,,,,False,,,,False,,,,False,,,,False,,,,False,0.0,0,0,0.0,0.07692307692307693,[],0,,,2025-05-08 10:29:27,fee_analysis_adv_brochures_2022_sep.zip_extracted.csv
adv_brochures_2022_sep.zip_extracted\106699_255736_13_20220916_fees_section.txt.txt,No,"$0 - $75,000,000 (0.25%) [VERIFIED]","$75,000,001 - $175,000,000 (0.20%) [VERIFIED]","$175,000,001 - $475,000,000 (0.185%) [VERIFIED]",,,,,,"""See Item 7"" [VERIFIED]",Yes,"""Varies""","2,3,4,10",5,32,22,3892,106699,255736,2022-09-16,sep,2022,False,,,0.0025,0.0025,0.0025,False,0.0,75000000.0,,False,0.002,0.002,0.002,False,75000001.0,175000000.0,,False,0.00185,0.00185,0.00185,False,175000001.0,475000000.0,,False,,,,False,,,,False,,,,False,,,,False,,,,False,,,,False,,,,False,,,,False,,,,False,,,,False,0.0,0,1,0.0,0.3076923076923077,"[[(1, 0.0, 0.0025), (2, 75000001.0, 0.002), (3, 175000001.0, 0.00185)]]",1,0.0025,0.0025,2025-05-08 10:29:27,fee_analysis_adv_brochures_2022_sep.zip_extracted.csv
adv_brochures_2022_sep.zip_extracted\106715_368629_2_20220921_fees_section.txt.txt,0.50% [VERIFIED],,,,,,,,0.45% [VERIFIED],"$3,000 [VERIFIED]",No,No,"1,9,10",6,7,100,34069,106715,368629,2022-09-21,sep,2022,0.50% [VERIFIED],0.005,0.50% [VERIFIED],,,,False,,,,False,,,,False,,,,False,,,,False,,,,False,,,,False,,,,False,,,,False,,,,False,,,,False,,,,False,,,,False,,,,False,0.0045000000000000005,0.0045000000000000005,0.0045000000000000005,False,,,,False,3000.0,1,0,0.0,0.23076923076923078,[],0,,,2025-05-08 10:29:27,fee_analysis_adv_brochures_2022_sep.zip_extracted.csv
adv_brochures_2022_sep.zip_extracted\106753_372753_1_20220921_fees_section.txt.txt,No,"$0 - $2,000,000 (1.00%) [VERIFIED]","$2,000,001 - $5,000,000 (0.75%) [VERIFIED]","$5,000,001+ (0.60%) [VERIFIED]",,,,,,No,Yes,,"2,3,4",12,13,104,24376,106753,372753,2022-09-21,sep,2022,False,,,0.01,0.01,0.01,False,0.0,2000000.0,,False,0.0075,0.0075,0.0075,False,2000001.0,5000000.0,,False,0.006,0.006,0.006,False,0.0,inf,5000001.0,True,,,,False,,,,False,,,,False,,,,False,,,,False,,,,False,,,,False,,,,False,,,,False,,,,False,0.0,0,1,0.0,0.23076923076923078,"[[(1, 0.0, 0.01), (2, 2000001.0, 0.0075)], [(3, 0.0, 0.006)]]",2,0.006,0.006,2025-05-08 10:29:27,fee_analysis_adv_brochures_2022_sep.zip_extracted.csv
adv_brochures_2022_sep.zip_extracted\106843_256190_19_20220902_fees_section.txt.txt,No fee information available.,-1,-1,-1,-1,-1,-1,-1,-1,-1,-1,-1,-1,0,0,6,2265,106843,256190,2022-09-02,sep,2022,No fee information available.,,,,,,False,,,,False,,,,False,,,,False,,,,False,,,,False,,,,False,,,,False,,,,False,,,,False,,,,False,,,,False,,,,False,,,,False,,,,False,,,,False,0.0,0,0,0.0,0.07692307692307693,[],0,,,2025-05-08 10:29:27,fee_analysis_adv_brochures_2022_sep.zip_extracted.csv
adv_brochures_2022_sep.zip_extracted\106909_372942_1_20220928_fees_section.txt.txt,No,"$0 - $1,000,000 (1.50%) [VERIFIED]","$1,000,001 - $3,000,000 (0.50%) [VERIFIED]","$3,000,001 - $10,000,000 (0.25%) [VERIFIED]","$10,000,001 - $15,000,000 (0.40%) [VERIFIED]","$15,000,001 - $35,000,000 (0.20%) [VERIFIED]","$35,000,001 - $55,000,000 (0.15%) [VERIFIED]","$55,000,001+ (0.10%) [VERIFIED]",,"$5,000,000 [VERIFIED]",Yes,"$50,000,000 [VERIFIED]","2,3,4,5,6,7,8,10,12",42,81,42,9251,106909,372942,2022-09-28,sep,2022,False,,,0.015,0.015,0.015,False,0.0,1000000.0,,False,0.005,0.005,0.005,False,1000001.0,3000000.0,,False,0.0025,0.0025,0.0025,False,3000001.0,10000000.0,,False,0.004,0.004,0.004,False,10000001.0,15000000.0,,False,0.002,0.002,0.002,False,15000001.0,35000000.0,,False,0.0015,0.0015,0.0015,False,35000001.0,55000000.0,,False,0.001,0.001,0.001,False,0.0,inf,55000001.0,True,,,,False,,,,False,5000000.0,1,1,50000000.0,0.6923076923076923,"[[(1, 0.0, 0.015), (2, 1000001.0, 0.005), (3, 3000001.0, 0.0025), (4, 10000001.0, 0.004), (5, 15000001.0, 0.002), (6, 35000001.0, 0.0015)], [(7, 0.0, 0.001)]]",2,0.001,0.001,2025-05-08 10:29:27,fee_analysis_adv_brochures_2022_sep.zip_extracted.csv
adv_brochures_2022_sep.zip_extracted\107038_97062_35_20220912_fees_section.txt.txt,No,,,,,,,"$0 - $2,000,000 (0% - 2%) [VERIFIED]","$2,000,001+ (5% - 20%) [VERIFIED]",,Yes,No,"8,9",14,1,257,309984,107038,97062,2022-09-12,sep,2022,False,,,,,0.02,False,,,,False,,,0.0,False,,,,False,,,,False,,,,False,,,,False,,,,False,,,,False,,,,False,,,,False,,,,False,0.0,0.02,,True,0.0,2000000.0,,False,0.05,0.2,,True,0.0,inf,2000001.0,True,0.0,0,1,0.0,0.15384615384615385,"[[(1, 0, 0.0), (2, 0, 0.05)], [(1, 0, 0.02), (2, 0, 0.2)]]",2,0.05,0.05,2025-05-08 10:29:27,fee_analysis_adv_brochures_2022_sep.zip_extracted.csv
adv_brochures_2022_sep.zip_extracted\107105_256183_20_20220901_fees_section.txt.txt,No fee information available.,-1,-1,-1,-1,-1,-1,-1,-1,-1,-1,-1,-1,0,0,6,2265,107105,256183,2022-09-01,sep,2022,No fee information available.,,,,,,False,,,,False,,,,False,,,,False,,,,False,,,,False,,,,False,,,,False,,,,False,,,,False,,,,False,,,,False,,,,False,,,,False,,,,False,,,,False,0.0,0,0,0.0,0.07692307692307693,[],0,,,2025-05-08 10:29:27,fee_analysis_adv_brochures_2022_sep.zip_extracted.csv
adv_brochures_2022_sep.zip_extracted\107196_320123_8_20220930_fees_section.txt.txt,No,"$0 - $500,000 (1.50%) [VERIFIED]","$500,001 - $1,000,000 (1.10%) [VERIFIED]","$1,000,001 - $5,000,000 (0.85%) [VERIFIED]","$5,000,001 - $10,000,000 (0.60%) [VERIFIED]","$10,000,000+ (0.40%) [VERIFIED]","$0 - $250,000 (1.60%) [VERIFIED]","$250,001 - $500,000 (1.30%) [VERIFIED]","$500,001 - $1,000,000 (1.15%) [VERIFIED]","$1,000,000 - $3,000,000 (0.65% to 1.00%) [VERIFIED]","$3,000,000+ (0.50% to 0.90%) [VERIFIED]","$13,000 [VERIFIED]","2,3,4,5,6,7,8,9,10,11,12",16,17,59,8566,107196,320123,2022-09-30,sep,2022,False,,,0.015,0.015,0.015,False,0.0,500000.0,,False,0.011000000000000001,0.011000000000000001,0.011000000000000001,False,500001.0,1000000.0,,False,0.0085,0.0085,0.0085,False,1000001.0,5000000.0,,False,0.006,0.006,0.006,False,5000001.0,10000000.0,,False,0.004,0.004,0.004,False,0.0,inf,10000000.0,True,0.016,0.016,0.016,False,0.0,250000.0,,False,0.013000000000000001,0.013000000000000001,0.013000000000000001,False,250001.0,500000.0,,False,0.0115,0.0115,0.0115,False,500001.0,1000000.0,,False,1000000.0,1,0,13000.0,0.8461538461538461,"[[(1, 0.0, 0.015), (2, 500001.0, 0.011000000000000001), (3, 1000001.0, 0.0085), (4, 5000001.0, 0.006)], [(5, 0.0, 0.004)], [(6, 0.0, 0.016), (7, 250001.0, 0.013000000000000001), (8, 500001.0, 0.0115)]]",3,0.004,0.004,2025-05-08 10:29:27,fee_analysis_adv_brochures_2022_sep.zip_extracted.csv
adv_brochures_2022_sep.zip_extracted\107382_308205_6_20220907_fees_section.txt.txt,No,"$0 - $25,000,000 (0.65%) [VERIFIED]","$25,000,001 - $50,000,000 (0.60%) [VERIFIED]","$50,000,001 - $75,000,000 (0.55%) [VERIFIED]","$75,000,001 - $100,000,000 (0.50%) [VERIFIED]","$0 - $50,000,000 (0.80%) [VERIFIED]","$50,000,001 - $100,000,000 (0.70%) [VERIFIED]","$100,000,001 - $150,000,000 (0.65%) [VERIFIED]","$150,000,001+ (0.60%) [VERIFIED]","$25,000 [VERIFIED]",Yes,No,"2,3,4,5,6,7,8,9,10",8,9,19,2120,107382,308205,2022-09-07,sep,2022,False,,,0.006500000000000001,0.006500000000000001,0.006500000000000001,False,0.0,25000000.0,,False,0.006,0.006,0.006,False,25000001.0,50000000.0,,False,0.0055000000000000005,0.0055000000000000005,0.0055000000000000005,False,50000001.0,75000000.0,,False,0.005,0.005,0.005,False,75000001.0,100000000.0,,False,0.008,0.008,0.008,False,0.0,50000000.0,,False,0.006999999999999999,0.006999999999999999,0.006999999999999999,False,50000001.0,100000000.0,,False,0.006500000000000001,0.006500000000000001,0.006500000000000001,False,100000001.0,150000000.0,,False,0.006,0.006,0.006,False,0.0,inf,150000001.0,True,25000.0,1,1,0.0,0.6923076923076923,"[[(1, 0.0, 0.006500000000000001), (2, 25000001.0, 0.006), (3, 50000001.0, 0.0055000000000000005), (4, 75000001.0, 0.005)], [(5, 0.0, 0.008), (6, 50000001.0, 0.006999999999999999), (7, 100000001.0, 0.006500000000000001)], [(8, 0.0, 0.006)]]",3,0.006,0.006,2025-05-08 10:29:27,fee_analysis_adv_brochures_2022_sep.zip_extracted.csv
adv_brochures_2022_sep.zip_extracted\10740_373030_1_20220930_fees_section.txt.txt,No,,,,,,,,"$0 - $2,000,000 (1.00% - 3.00%) [VERIFIED]",No,Yes,"$2,000,000 [VERIFIED]","9,12",31,19,230,43426,10740,373030,2022-09-30,sep,2022,False,,,,,0.03,False,,,,False,,,0.01,False,,,,False,,,,False,,,,False,,,,False,,,,False,,,,False,,,,False,,,,False,,,,False,,,,False,,,,False,0.01,0.03,,True,0.0,2000000.0,,False,0.0,0,1,2000000.0,0.15384615384615385,"[[(1, 0, 0.01)]]",1,0.01,0.01,2025-05-08 10:29:27,fee_analysis_adv_brochures_2022_sep.zip_extracted.csv
adv_brochures_2022_sep.zip_extracted\107717_372836_1_20220923_fees_section.txt.txt,No,,,,,,,"$0 - $1,500,000 (0.010% - 1.500%) [VERIFIED]",,,Yes,No,8,6,0,96,131204,107717,372836,2022-09-23,sep,2022,False,,,,,0.015,False,,,,False,,,0.0001,False,,,,False,,,,False,,,,False,,,,False,,,,False,,,,False,,,,False,,,,False,,,,False,0.0001,0.015,,True,0.0,1500000.0,,False,,,,False,,,,False,0.0,0,1,0.0,0.07692307692307693,"[[(1, 0, 0.0001)]]",1,0.0001,0.0001,2025-05-08 10:29:27,fee_analysis_adv_brochures_2022_sep.zip_extracted.csv
adv_brochures_2022_sep.zip_extracted\107719_372741_1_20220920_fees_section.txt.txt,"""No fee information available.""",-1,-1,-1,-1,-1,-1,-1,-1,-1,-1,-1,-1,395,300,52,24353,107719,372741,2022-09-20,sep,2022,"""No fee information available.""",,,,,,False,,,,False,,,,False,,,,False,,,,False,,,,False,,,,False,,,,False,,,,False,,,,False,,,,False,,,,False,,,,False,,,,False,,,,False,,,,False,0.0,0,0,0.0,0.07692307692307693,[],0,,,2025-05-08 10:29:27,fee_analysis_adv_brochures_2022_sep.zip_extracted.csv
adv_brochures_2022_sep.zip_extracted\108069_256174_20_20220901_fees_section.txt.txt,No fee information available.,-1,-1,-1,-1,-1,-1,-1,-1,-1,-1,-1,-1,0,0,6,2265,108069,256174,2022-09-01,sep,2022,No fee information available.,,,,,,False,,,,False,,,,False,,,,False,,,,False,,,,False,,,,False,,,,False,,,,False,,,,False,,,,False,,,,False,,,,False,,,,False,,,,False,,,,False,0.0,0,0,0.0,0.07692307692307693,[],0,,,2025-05-08 10:29:27,fee_analysis_adv_brochures_2022_sep.zip_extracted.csv
adv_brochures_2022_sep.zip_extracted\108089_372411_1_20220902_fees_section.txt.txt,No fee information available.,-1,-1,-1,-1,-1,-1,-1,-1,-1,-1,-1,-1,0,0,1,161,108089,372411,2022-09-02,sep,2022,No fee information available.,,,,,,False,,,,False,,,,False,,,,False,,,,False,,,,False,,,,False,,,,False,,,,False,,,,False,,,,False,,,,False,,,,False,,,,False,,,,False,,,,False,0.0,0,0,0.0,0.07692307692307693,[],0,,,2025-05-08 10:29:27,fee_analysis_adv_brochures_2022_sep.zip_extracted.csv
adv_brochures_2022_sep.zip_extracted\108089_372412_1_20220902_fees_section.txt.txt,No,"$0 - $2,000,000 (1.00%) [VERIFIED]","$2,000,001 - $3,000,000 (0.75%) [VERIFIED]","$3,000,001+ (0.50%) [VERIFIED]",,,,,,"$500,000 [VERIFIED]",Yes,No,"2,3,4,10",3,5,23,2130,108089,372412,2022-09-02,sep,2022,False,,,0.01,0.01,0.01,False,0.0,2000000.0,,False,0.0075,0.0075,0.0075,False,2000001.0,3000000.0,,False,0.005,0.005,0.005,False,0.0,inf,3000001.0,True,,,,False,,,,False,,,,False,,,,False,,,,False,,,,False,,,,False,,,,False,,,,False,,,,False,500000.0,1,1,0.0,0.3076923076923077,"[[(1, 0.0, 0.01), (2, 2000001.0, 0.0075)], [(3, 0.0, 0.005)]]",2,0.005,0.005,2025-05-08 10:29:27,fee_analysis_adv_brochures_2022_sep.zip_extracted.csv
adv_brochures_2022_sep.zip_extracted\108222_372684_1_20220919_fees_section.txt.txt,"""No fee information available.""",-1,-1,-1,-1,-1,-1,-1,-1,-1,-1,-1,-1,0,0,21,2520,108222,372684,2022-09-19,sep,2022,"""No fee information available.""",,,,,,False,,,,False,,,,False,,,,False,,,,False,,,,False,,,,False,,,,False,,,,False,,,,False,,,,False,,,,False,,,,False,,,,False,,,,False,,,,False,0.0,0,0,0.0,0.07692307692307693,[],0,,,2025-05-08 10:29:27,fee_analysis_adv_brochures_2022_sep.zip_extracted.csv
adv_brochures_2022_sep.zip_extracted\108253_75000_20_20220909_fees_section.txt.txt,No,,,,,,,$0+ (0.25% - 0.03%) [VERIFIED],,No,Yes,No,8,0,0,22,2532,108253,75000,2022-09-09,sep,2022,False,,,,,0.0003,False,,,,False,,,0.0025,False,,,,False,,,,False,,,,False,,,,False,,,,False,,,,False,,,,False,,,,False,,,,False,0.0025,0.0003,,True,0.0,inf,0.0,True,,,,False,,,,False,0.0,1,1,0.0,0.07692307692307693,"[[(1, 0, 0.0025)]]",1,0.0025,0.0025,2025-05-08 10:29:27,fee_analysis_adv_brochures_2022_sep.zip_extracted.csv
adv_brochures_2022_sep.zip_extracted\108268_356853_4_20220919_fees_section.txt.txt,No,"$0 - $250,000 (2.00%) [VERIFIED]","$250,001 - $750,000 (1.50%) [VERIFIED]","$750,001 - $1,000,000 (1.00%) [VERIFIED]","$1,000,001+ (Negotiable) [VERIFIED]",,,,,No,Yes,No,"2,3,4,5",40,32,161,20786,108268,356853,2022-09-19,sep,2022,False,,,0.02,0.02,0.02,False,0.0,250000.0,,False,0.015,0.015,0.015,False,250001.0,750000.0,,False,0.01,0.01,0.01,False,750001.0,1000000.0,,False,,,,False,1000001.0,inf,,False,,,,False,,,,False,,,,False,,,,False,,,,False,,,,False,,,,False,,,,False,0.0,0,1,0.0,0.3076923076923077,"[[(1, 0.0, 0.02), (2, 250001.0, 0.015), (3, 750001.0, 0.01)]]",1,0.01500001,0.011000001999999998,2025-05-08 10:29:27,fee_analysis_adv_brochures_2022_sep.zip_extracted.csv
adv_brochures_2022_sep.zip_extracted\108345_372814_1_20220922_fees_section.txt.txt,No,,,,,,,,"$0 - $1,000,000 (0.60% - 1.00%) [VERIFIED]",No,Yes,No,9,4,1,57,7903,108345,372814,2022-09-22,sep,2022,False,,,,,0.01,False,,,,False,,,0.006,False,,,,False,,,,False,,,,False,,,,False,,,,False,,,,False,,,,False,,,,False,,,,False,,,,False,,,,False,0.006,0.01,,True,0.0,1000000.0,,False,0.0,0,1,0.0,0.07692307692307693,"[[(1, 0, 0.006)]]",1,0.006,0.006,2025-05-08 10:29:27,fee_analysis_adv_brochures_2022_sep.zip_extracted.csv
adv_brochures_2022_sep.zip_extracted\108350_43724_21_20220908_fees_section.txt.txt,No,"$0 - $250,000 (2.00%) [VERIFIED]","$250,001 - $500,000 (1.00%) [VERIFIED]","$500,001 - $1,000,000 (0.80%) [VERIFIED]","$1,000,001 - $2,000,000 (0.60%) [VERIFIED]","$2,000,001 - $4,000,000 (0.40%) [VERIFIED]","$4,000,001+ (0.20%) [VERIFIED]",,,No,Yes,No,"2,3,4,5,6,7",7,9,46,8256,108350,43724,2022-09-08,sep,2022,False,,,0.02,0.02,0.02,False,0.0,250000.0,,False,0.01,0.01,0.01,False,250001.0,500000.0,,False,0.008,0.008,0.008,False,500001.0,1000000.0,,False,0.006,0.006,0.006,False,1000001.0,2000000.0,,False,0.004,0.004,0.004,False,2000001.0,4000000.0,,False,0.002,0.002,0.002,False,0.0,inf,4000001.0,True,,,,False,,,,False,,,,False,,,,False,0.0,0,1,0.0,0.46153846153846156,"[[(1, 0.0, 0.02), (2, 250001.0, 0.01), (3, 500001.0, 0.008), (4, 1000001.0, 0.006), (5, 2000001.0, 0.004)], [(6, 0.0, 0.002)]]",2,0.002,0.002,2025-05-08 10:29:27,fee_analysis_adv_brochures_2022_sep.zip_extracted.csv
adv_brochures_2022_sep.zip_extracted\108426_68946_17_20220907_fees_section.txt.txt,No,"$0 - $1,000,000 (1.00%) [VERIFIED]","$1,000,001 - $5,000,000 (0.80%) [VERIFIED]","$5,000,000+ (0.60%) [VERIFIED]",,,,,,"$100,000 [VERIFIED]",Yes,No,"2,3,4,10",8,8,42,8285,108426,68946,2022-09-07,sep,2022,False,,,0.01,0.01,0.01,False,0.0,1000000.0,,False,0.008,0.008,0.008,False,1000001.0,5000000.0,,False,0.006,0.006,0.006,False,0.0,inf,5000000.0,True,,,,False,,,,False,,,,False,,,,False,,,,False,,,,False,,,,False,,,,False,,,,False,,,,False,100000.0,1,1,0.0,0.3076923076923077,"[[(1, 0.0, 0.01), (2, 1000001.0, 0.008)], [(3, 0.0, 0.006)]]",2,0.006,0.006,2025-05-08 10:29:27,fee_analysis_adv_brochures_2022_sep.zip_extracted.csv
adv_brochures_2022_sep.zip_extracted\108614_41535_26_20220909_fees_section.txt.txt,"$3,000 [VERIFIED]","$0 - $2,000,000 (0.75%) [VERIFIED]","$2,000,001 - $5,000,000 (0.50%) [VERIFIED]","$5,000,001 - $10,000,000 (0.35%) [VERIFIED]","$10,000,001+ (0.25%) [VERIFIED]",,,,,No,Yes,"$20,000,000 [VERIFIED]","1,2,3,4,5,12",4,10,40,5734,108614,41535,2022-09-09,sep,2022,"$3,000 [VERIFIED]",3000.0,"$3,000 [VERIFIED]",0.0075,0.0075,0.0075,False,0.0,2000000.0,,False,0.005,0.005,0.005,False,2000001.0,5000000.0,,False,0.0034999999999999996,0.0034999999999999996,0.0034999999999999996,False,5000001.0,10000000.0,,False,0.0025,0.0025,0.0025,False,0.0,inf,10000001.0,True,,,,False,,,,False,,,,False,,,,False,,,,False,,,,False,,,,False,,,,False,0.0,0,1,20000000.0,0.46153846153846156,"[[(1, 0.0, 0.0075), (2, 2000001.0, 0.005), (3, 5000001.0, 0.0034999999999999996)], [(4, 0.0, 0.0025)]]",2,0.0025,0.0025,2025-05-08 10:29:27,fee_analysis_adv_brochures_2022_sep.zip_extracted.csv
adv_brochures_2022_sep.zip_extracted\108648_356817_5_20220915_fees_section.txt.txt,No,"$0 - $2,000,000 (1.00%) [VERIFIED]","$2,000,001 - $5,000,000 (0.70%) [VERIFIED]","$5,000,001 - $10,000,000 (0.40%) [VERIFIED]","$10,000,001+ (0.25%) [VERIFIED]",,,,,"$5,000 [VERIFIED]",Yes,No,"2,3,4,5,10",13,16,59,9535,108648,356817,2022-09-15,sep,2022,False,,,0.01,0.01,0.01,False,0.0,2000000.0,,False,0.006999999999999999,0.006999999999999999,0.006999999999999999,False,2000001.0,5000000.0,,False,0.004,0.004,0.004,False,5000001.0,10000000.0,,False,0.0025,0.0025,0.0025,False,0.0,inf,10000001.0,True,,,,False,,,,False,,,,False,,,,False,,,,False,,,,False,,,,False,,,,False,5000.0,1,1,0.0,0.38461538461538464,"[[(1, 0.0, 0.01), (2, 2000001.0, 0.006999999999999999), (3, 5000001.0, 0.004)], [(4, 0.0, 0.0025)]]",2,0.0025,0.0025,2025-05-08 10:29:27,fee_analysis_adv_brochures_2022_sep.zip_extracted.csv
adv_brochures_2022_sep.zip_extracted\108652_40887_27_20220902_fees_section.txt.txt,No,"$0 - $1,000,000 (1.00%) [VERIFIED]","$1,000,001 - $2,500,000 (0.90%) [VERIFIED]","$2,500,001 - $5,000,000 (0.80%) [VERIFIED]","$5,000,001 - $7,500,000 (0.70%) [VERIFIED]","$7,500,001 - $10,000,000 (0.60%) [VERIFIED]","$10,000,001 - $20,000,000 (0.50%) [VERIFIED]","$20,000,001 - $30,000,000 (0.40%) [VERIFIED]","$30,000,001+ (Negotiable) [VERIFIED]",No,Yes,No,"2,3,4,5,6,7,8,9",32,75,195,65735,108652,40887,2022-09-02,sep,2022,False,,,0.01,0.01,0.01,False,0.0,1000000.0,,False,0.009000000000000001,0.009000000000000001,0.009000000000000001,False,1000001.0,2500000.0,,False,0.008,0.008,0.008,False,2500001.0,5000000.0,,False,0.006999999999999999,0.006999999999999999,0.006999999999999999,False,5000001.0,7500000.0,,False,0.006,0.006,0.006,False,7500001.0,10000000.0,,False,0.005,0.005,0.005,False,10000001.0,20000000.0,,False,0.004,0.004,0.004,False,20000001.0,30000000.0,,False,,,,False,30000001.0,inf,,False,0.0,0,1,0.0,0.6153846153846154,"[[(1, 0.0, 0.01), (2, 1000001.0, 0.009000000000000001), (3, 2500001.0, 0.008), (4, 5000001.0, 0.006999999999999999), (5, 7500001.0, 0.006), (6, 10000001.0, 0.005), (7, 20000001.0, 0.004)]]",1,0.01,0.008700000400000001,2025-05-08 10:29:27,fee_analysis_adv_brochures_2022_sep.zip_extracted.csv
adv_brochures_2022_sep.zip_extracted\108676_372596_1_20220914_fees_section.txt.txt,No,"$0 - $500,000 (2.00%) [VERIFIED]","$500,001 - $2,000,000 (0.25% - 2.00%) [VERIFIED]","$2,000,001+ (0.25%) [VERIFIED]",,,,,,"$500,000 [VERIFIED]",Yes,No,"2,3,4,10",3,12,45,8408,108676,372596,2022-09-14,sep,2022,False,,,0.02,0.02,0.02,False,0.0,500000.0,,False,0.0025,0.02,0.0025,True,500001.0,2000000.0,,False,0.0025,0.0025,0.0025,False,0.0,inf,2000001.0,True,,,,False,,,,False,,,,False,,,,False,,,,False,,,,False,,,,False,,,,False,,,,False,,,,False,500000.0,1,1,0.0,0.3076923076923077,"[[(1, 0, 0.0025)]]",1,0.0025,0.0025,2025-05-08 10:29:27,fee_analysis_adv_brochures_2022_sep.zip_extracted.csv
adv_brochures_2022_sep.zip_extracted\108679_48895_24_20220919_fees_section.txt.txt,No,,,,,,,,,No,Yes,No,,2,0,22,14807,108679,48895,2022-09-19,sep,2022,False,,,,,,False,,,,False,,,,False,,,,False,,,,False,,,,False,,,,False,,,,False,,,,False,,,,False,,,,False,,,,False,,,,False,,,,False,,,,False,,,,False,0.0,0,1,0.0,0.0,[],0,,,2025-05-08 10:29:27,fee_analysis_adv_brochures_2022_sep.zip_extracted.csv
adv_brochures_2022_sep.zip_extracted\108687_39855_27_20220906_fees_section.txt.txt,No,"$0 - $1,000,000 (1.00%) [VERIFIED]","$1,000,001+ (0.75%) [VERIFIED]",,,,,,,No,Yes,No,"2,3",2,2,27,5046,108687,39855,2022-09-06,sep,2022,False,,,0.01,0.01,0.01,False,0.0,1000000.0,,False,0.0075,0.0075,0.0075,False,0.0,inf,1000001.0,True,,,,False,,,,False,,,,False,,,,False,,,,False,,,,False,,,,False,,,,False,,,,False,,,,False,,,,False,,,,False,0.0,0,1,0.0,0.15384615384615385,"[[(1, 0.0, 0.01)], [(2, 0.0, 0.0075)]]",2,0.0075,0.0075,2025-05-08 10:29:27,fee_analysis_adv_brochures_2022_sep.zip_extracted.csv
adv_brochures_2022_sep.zip_extracted\108734_304590_7_20220927_fees_section.txt.txt,No,"$0 - $500,000 (1.00%) [VERIFIED]","$500,001 - $1,000,000 (0.75%) [VERIFIED]","$1,000,001+ (0.50%) [VERIFIED]",,,,,,No,Yes,No,"2,3,4",3,5,31,4820,108734,304590,2022-09-27,sep,2022,False,,,0.01,0.01,0.01,False,0.0,500000.0,,False,0.0075,0.0075,0.0075,False,500001.0,1000000.0,,False,0.005,0.005,0.005,False,0.0,inf,1000001.0,True,,,,False,,,,False,,,,False,,,,False,,,,False,,,,False,,,,False,,,,False,,,,False,,,,False,0.0,0,1,0.0,0.23076923076923078,"[[(1, 0.0, 0.01), (2, 500001.0, 0.0075)], [(3, 0.0, 0.005)]]",2,0.005,0.005,2025-05-08 10:29:27,fee_analysis_adv_brochures_2022_sep.zip_extracted.csv
adv_brochures_2022_sep.zip_extracted\108893_367364_2_20220930_fees_section.txt.txt,1.75% per annum [VERIFIED],"$0 - $25,000,000 (0.65%) [VERIFIED]","$25,000,001 - $50,000,000 (0.55%) [VERIFIED]","$50,000,001 - $75,000,000 (0.45%) [VERIFIED]","$75,000,001 - $100,000,000 (0.35%) [VERIFIED]","$100,000,000+ (Negotiable) [VERIFIED]",,,,"$10,000,000 [VERIFIED]",Yes,,"1,2,3,4,5,6,10",21,33,73,11531,108893,367364,2022-09-30,sep,2022,1.75% per annum [VERIFIED],0.0175,1.75% per annum [VERIFIED],0.006500000000000001,0.006500000000000001,0.006500000000000001,False,0.0,25000000.0,,False,0.0055000000000000005,0.0055000000000000005,0.0055000000000000005,False,25000001.0,50000000.0,,False,0.0045000000000000005,0.0045000000000000005,0.0045000000000000005,False,50000001.0,75000000.0,,False,0.0034999999999999996,0.0034999999999999996,0.0034999999999999996,False,75000001.0,100000000.0,,False,,,,False,100000000.0,inf,,False,,,,False,,,,False,,,,False,,,,False,,,,False,,,,False,10000000.0,1,1,0.0,0.5384615384615384,"[[(1, 0.0, 0.006500000000000001), (2, 25000001.0, 0.0055000000000000005), (3, 50000001.0, 0.0045000000000000005), (4, 75000001.0, 0.0034999999999999996)]]",1,0.006500000000000001,0.006500000000000001,2025-05-08 10:29:27,fee_analysis_adv_brochures_2022_sep.zip_extracted.csv
adv_brochures_2022_sep.zip_extracted\108928_256201_23_20220901_fees_section.txt.txt,"""No fee information available.""",-1,-1,-1,-1,-1,-1,-1,-1,-1,-1,-1,-1,0,0,6,2265,108928,256201,2022-09-01,sep,2022,"""No fee information available.""",,,,,,False,,,,False,,,,False,,,,False,,,,False,,,,False,,,,False,,,,False,,,,False,,,,False,,,,False,,,,False,,,,False,,,,False,,,,False,,,,False,0.0,0,0,0.0,0.07692307692307693,[],0,,,2025-05-08 10:29:27,fee_analysis_adv_brochures_2022_sep.zip_extracted.csv
adv_brochures_2022_sep.zip_extracted\108954_105667_17_20220912_fees_section.txt.txt,No,,"$0 - $500,000 (0.25% - 0.75%) [VERIFIED]","$500,001 - $1,000,000 (0.45% - 0.65%) [VERIFIED]","$1,000,001 - $2,000,000 (0.50% - 0.75%) [VERIFIED]","$2,000,001 - $4,000,000 (0.85%) [VERIFIED]","$4,000,001 - $10,000,000 (0.95%) [VERIFIED]",,,No,Yes,No,"3,4,5,6,7",2,0,56,9428,108954,105667,2022-09-12,sep,2022,False,,,,,0.0075,False,,,,False,0.0025,0.0075,0.0025,True,0.0,500000.0,,False,0.0045000000000000005,0.006500000000000001,,True,500001.0,1000000.0,,False,0.005,0.0075,,True,1000001.0,2000000.0,,False,0.0085,0.0085,0.0085,False,2000001.0,4000000.0,,False,0.0095,0.0095,0.0095,False,4000001.0,10000000.0,,False,,,,False,,,,False,,,,False,,,,False,0.0,0,1,0.0,0.38461538461538464,"[[(1, 0, 0.0025), (2, 0, 0.0045000000000000005), (3, 0, 0.005)], [(1, 0, 0.0075), (2, 0, 0.006500000000000001), (3, 0, 0.0075)]]",2,0.005,0.005,2025-05-08 10:29:27,fee_analysis_adv_brochures_2022_sep.zip_extracted.csv
adv_brochures_2022_sep.zip_extracted\108967_310927_13_20220926_fees_section.txt.txt,"""No fee information available.""",-1,-1,-1,-1,-1,-1,-1,-1,-1,-1,-1,-1,0,0,0,0,108967,310927,2022-09-26,sep,2022,"""No fee information available.""",,,,,,False,,,,False,,,,False,,,,False,,,,False,,,,False,,,,False,,,,False,,,,False,,,,False,,,,False,,,,False,,,,False,,,,False,,,,False,,,,False,0.0,0,0,0.0,0.07692307692307693,[],0,,,2025-05-08 10:29:27,fee_analysis_adv_brochures_2022_sep.zip_extracted.csv
adv_brochures_2022_sep.zip_extracted\109189_329982_6_20220912_fees_section.txt.txt,No,,,,,,,,0.75% - 2.00% [VERIFIED],No,Yes,No,9,8,0,26,2533,109189,329982,2022-09-12,sep,2022,False,,,,,,False,,,,False,,,,False,,,,False,,,,False,,,,False,,,,False,,,,False,,,,False,,,,False,,,,False,,,,False,,,,False,,,,False,0.0075,0.0075,0.0075,False,,,,False,0.0,0,1,0.0,0.07692307692307693,[],0,,,2025-05-08 10:29:27,fee_analysis_adv_brochures_2022_sep.zip_extracted.csv
adv_brochures_2022_sep.zip_extracted\109227_358035_3_20220919_fees_section.txt.txt,No,"$0 - $3,000,000 (1.00%) [VERIFIED]","$3,000,001 - $5,000,000 (0.80%) [VERIFIED]","$5,000,001 - $10,000,000 (0.60%) [VERIFIED]","$10,000,001+ (0.50%) [VERIFIED]","$0 - $5,000,000 (0.45%) [VERIFIED]","$5,000,001 - $10,000,000 (0.35%) [VERIFIED]","$10,000,001+ (0.25%) [VERIFIED]",,,Yes,"$100,000,000 [VERIFIED]","2,3,4,5,6,7,8,12",11,16,59,15284,109227,358035,2022-09-19,sep,2022,False,,,0.01,0.01,0.01,False,0.0,3000000.0,,False,0.008,0.008,0.008,False,3000001.0,5000000.0,,False,0.006,0.006,0.006,False,5000001.0,10000000.0,,False,0.005,0.005,0.005,False,0.0,inf,10000001.0,True,0.0045000000000000005,0.0045000000000000005,0.0045000000000000005,False,0.0,5000000.0,,False,0.0034999999999999996,0.0034999999999999996,0.0034999999999999996,False,5000001.0,10000000.0,,False,0.0025,0.0025,0.0025,False,0.0,inf,10000001.0,True,,,,False,,,,False,0.0,0,1,100000000.0,0.6153846153846154,"[[(1, 0.0, 0.01), (2, 3000001.0, 0.008), (3, 5000001.0, 0.006)], [(4, 0.0, 0.005)], [(5, 0.0, 0.0045000000000000005), (6, 5000001.0, 0.0034999999999999996)], [(7, 0.0, 0.0025)]]",4,0.0025,0.0025,2025-05-08 10:29:27,fee_analysis_adv_brochures_2022_sep.zip_extracted.csv
adv_brochures_2022_sep.zip_extracted\109310_347185_3_20220901_fees_section.txt.txt,0.3125% / 0.25% [VERIFIED],,,,,,,,,No,No,No,1,2,0,11,3086,109310,347185,2022-09-01,sep,2022,0.3125% / 0.25% [VERIFIED],0.003125,0.3125% / 0.25% [VERIFIED],,,,False,,,,False,,,,False,,,,False,,,,False,,,,False,,,,False,,,,False,,,,False,,,,False,,,,False,,,,False,,,,False,,,,False,,,,False,,,,False,0.0,0,0,0.0,0.07692307692307693,[],0,,,2025-05-08 10:29:27,fee_analysis_adv_brochures_2022_sep.zip_extracted.csv
adv_brochures_2022_sep.zip_extracted\109325_339757_5_20220919_fees_section.txt.txt,$500 per month [VERIFIED],,,,,,,,,No,Yes,No,1,0,1,6,821,109325,339757,2022-09-19,sep,2022,$500 per month [VERIFIED],500.0,$500 per month [VERIFIED],,,,False,,,,False,,,,False,,,,False,,,,False,,,,False,,,,False,,,,False,,,,False,,,,False,,,,False,,,,False,,,,False,,,,False,,,,False,,,,False,0.0,0,1,0.0,0.07692307692307693,[],0,,,2025-05-08 10:29:27,fee_analysis_adv_brochures_2022_sep.zip_extracted.csv
adv_brochures_2022_sep.zip_extracted\109325_339758_5_20220919_fees_section.txt.txt,"""No fee information available.""",-1,-1,-1,-1,-1,-1,-1,-1,-1,-1,-1,-1,0,0,0,10884,109325,339758,2022-09-19,sep,2022,"""No fee information available.""",,,,,,False,,,,False,,,,False,,,,False,,,,False,,,,False,,,,False,,,,False,,,,False,,,,False,,,,False,,,,False,,,,False,,,,False,,,,False,,,,False,0.0,0,0,0.0,0.07692307692307693,[],0,,,2025-05-08 10:29:27,fee_analysis_adv_brochures_2022_sep.zip_extracted.csv
adv_brochures_2022_sep.zip_extracted\109341_372425_1_20220906_fees_section.txt.txt,No,"$0 - $2,000,000 (1.00%) [VERIFIED]","$2,000,001 - $4,000,000 (0.75%) [VERIFIED]","$4,000,001 - $6,000,000 (0.60%) [VERIFIED]","$6,000,001+ (0.50%) [VERIFIED]",,,,,"$1,000,000 [VERIFIED]",Yes,No,"2,3,4,5,10",6,13,52,8068,109341,372425,2022-09-06,sep,2022,False,,,0.01,0.01,0.01,False,0.0,2000000.0,,False,0.0075,0.0075,0.0075,False,2000001.0,4000000.0,,False,0.006,0.006,0.006,False,4000001.0,6000000.0,,False,0.005,0.005,0.005,False,0.0,inf,6000001.0,True,,,,False,,,,False,,,,False,,,,False,,,,False,,,,False,,,,False,,,,False,1000000.0,1,1,0.0,0.38461538461538464,"[[(1, 0.0, 0.01), (2, 2000001.0, 0.0075), (3, 4000001.0, 0.006)], [(4, 0.0, 0.005)]]",2,0.005,0.005,2025-05-08 10:29:27,fee_analysis_adv_brochures_2022_sep.zip_extracted.csv
adv_brochures_2022_sep.zip_extracted\109391_252672_14_20220930_fees_section.txt.txt,No,,"$0 - $500,000 (0.50%) [VERIFIED]","$500,001 - $1,000,000 (0.155%) [VERIFIED]","$1,000,001 - $2,000,000 (0.11%) [VERIFIED]","$2,000,001 - $4,000,000 (0.095%) [VERIFIED]","$4,000,001 - $10,000,000 (0.13%) [VERIFIED]",,,No,Yes,No,"3,4,5,6,7",6,0,36,6135,109391,252672,2022-09-30,sep,2022,False,,,,,,False,,,,False,0.005,0.005,0.005,False,0.0,500000.0,,False,0.00155,0.00155,0.00155,False,500001.0,1000000.0,,False,0.0011,0.0011,0.0011,False,1000001.0,2000000.0,,False,0.00095,0.00095,0.00095,False,2000001.0,4000000.0,,False,0.0013,0.0013,0.0013,False,4000001.0,10000000.0,,False,,,,False,,,,False,,,,False,,,,False,0.0,0,1,0.0,0.38461538461538464,"[[(2, 0.0, 0.005), (3, 500001.0, 0.00155), (4, 1000001.0, 0.0011), (5, 2000001.0, 0.00095), (6, 4000001.0, 0.0013)]]",1,0.0032750034500000002,0.0015150007400000001,2025-05-08 10:29:27,fee_analysis_adv_brochures_2022_sep.zip_extracted.csv
adv_brochures_2022_sep.zip_extracted\109441_372853_1_20220923_fees_section.txt.txt,"""No fee information available.""",,,,,,,,,,,,,0,2,18,4896,109441,372853,2022-09-23,sep,2022,"""No fee information available.""",,,,,,False,,,,False,,,,False,,,,False,,,,False,,,,False,,,,False,,,,False,,,,False,,,,False,,,,False,,,,False,,,,False,,,,False,,,,False,,,,False,0.0,0,0,0.0,0.0,[],0,,,2025-05-08 10:29:27,fee_analysis_adv_brochures_2022_sep.zip_extracted.csv
adv_brochures_2022_sep.zip_extracted\109515_42659_46_20220930_fees_section.txt.txt,No,"$0 - $2,000,000 (1.00%) [VERIFIED]","$2,000,001 - $4,000,000 (0.90%) [VERIFIED]","$4,000,001 - $6,000,000 (0.70%) [VERIFIED]","$6,000,001+ (0.50%) [VERIFIED]",,,,,"$5,000 [VERIFIED]",Yes,No,"2,3,4,5,10",10,59,49,11501,109515,42659,2022-09-30,sep,2022,False,,,0.01,0.01,0.01,False,0.0,2000000.0,,False,0.009000000000000001,0.009000000000000001,0.009000000000000001,False,2000001.0,4000000.0,,False,0.006999999999999999,0.006999999999999999,0.006999999999999999,False,4000001.0,6000000.0,,False,0.005,0.005,0.005,False,0.0,inf,6000001.0,True,,,,False,,,,False,,,,False,,,,False,,,,False,,,,False,,,,False,,,,False,5000.0,1,1,0.0,0.38461538461538464,"[[(1, 0.0, 0.01), (2, 2000001.0, 0.009000000000000001), (3, 4000001.0, 0.006999999999999999)], [(4, 0.0, 0.005)]]",2,0.005,0.005,2025-05-08 10:29:27,fee_analysis_adv_brochures_2022_sep.zip_extracted.csv
adv_brochures_2022_sep.zip_extracted\109608_44036_23_20220913_fees_section.txt.txt,No,"$0 - $1,500,000 (1.50%) [VERIFIED]","$1,500,001 - $2,500,000 (1.25%) [VERIFIED]","$2,500,001 - $3,500,000 (1.00%) [VERIFIED]","$3,500,001 - $4,500,000 (0.75%) [VERIFIED]","$4,500,001 - $9,000,000 (0.50%) [VERIFIED]","$9,000,001+ (0.35%) [VERIFIED]","$0 - $1,000,000 (0.65%) [VERIFIED]","$1,000,001 - $2,000,000 (0.50%) [VERIFIED]",No,Yes,No,"2,3,4,5,6,7,8,9",12,10,43,8037,109608,44036,2022-09-13,sep,2022,False,,,0.015,0.015,0.015,False,0.0,1500000.0,,False,0.0125,0.0125,0.0125,False,1500001.0,2500000.0,,False,0.01,0.01,0.01,False,2500001.0,3500000.0,,False,0.0075,0.0075,0.0075,False,3500001.0,4500000.0,,False,0.005,0.005,0.005,False,4500001.0,9000000.0,,False,0.0034999999999999996,0.0034999999999999996,0.0034999999999999996,False,0.0,inf,9000001.0,True,0.006500000000000001,0.006500000000000001,0.006500000000000001,False,0.0,1000000.0,,False,0.005,0.005,0.005,False,1000001.0,2000000.0,,False,0.0,0,1,0.0,0.6153846153846154,"[[(1, 0.0, 0.015), (2, 1500001.0, 0.0125), (3, 2500001.0, 0.01), (4, 3500001.0, 0.0075), (5, 4500001.0, 0.005)], [(6, 0.0, 0.0034999999999999996)], [(7, 0.0, 0.006500000000000001), (8, 1000001.0, 0.005)]]",3,0.0034999999999999996,0.0035,2025-05-08 10:29:27,fee_analysis_adv_brochures_2022_sep.zip_extracted.csv
adv_brochures_2022_sep.zip_extracted\109651_32384_119_20220912_fees_section.txt.txt,No,"$0 - $2,500,000 (1.00%) [VERIFIED]","$2,500,001 - $5,000,000 (0.80%) [VERIFIED]","$5,000,001 - $10,000,000 (0.70%) [VERIFIED]","$10,000,001+ (0.60%) [VERIFIED]",,,,,No,Yes,"$750,000 [VERIFIED]","2,3,4,5,12",14,14,65,11749,109651,32384,2022-09-12,sep,2022,False,,,0.01,0.01,0.01,False,0.0,2500000.0,,False,0.008,0.008,0.008,False,2500001.0,5000000.0,,False,0.006999999999999999,0.006999999999999999,0.006999999999999999,False,5000001.0,10000000.0,,False,0.006,0.006,0.006,False,0.0,inf,10000001.0,True,,,,False,,,,False,,,,False,,,,False,,,,False,,,,False,,,,False,,,,False,0.0,0,1,750000.0,0.38461538461538464,"[[(1, 0.0, 0.01), (2, 2500001.0, 0.008), (3, 5000001.0, 0.006999999999999999)], [(4, 0.0, 0.006)]]",2,0.006,0.006,2025-05-08 10:29:27,fee_analysis_adv_brochures_2022_sep.zip_extracted.csv
adv_brochures_2022_sep.zip_extracted\109651_32384_120_20220913_fees_section.txt.txt,No,"$0 - $2,500,000 (1.00%) [VERIFIED]","$2,500,001 - $5,000,000 (0.80%) [VERIFIED]","$5,000,001 - $10,000,000 (0.70%) [VERIFIED]","$10,000,001+ (0.60%) [VERIFIED]",,,,,No,Yes,"$750,000 [VERIFIED]","2,3,4,5,12",14,14,65,11749,109651,32384,2022-09-13,sep,2022,False,,,0.01,0.01,0.01,False,0.0,2500000.0,,False,0.008,0.008,0.008,False,2500001.0,5000000.0,,False,0.006999999999999999,0.006999999999999999,0.006999999999999999,False,5000001.0,10000000.0,,False,0.006,0.006,0.006,False,0.0,inf,10000001.0,True,,,,False,,,,False,,,,False,,,,False,,,,False,,,,False,,,,False,,,,False,0.0,0,1,750000.0,0.38461538461538464,"[[(1, 0.0, 0.01), (2, 2500001.0, 0.008), (3, 5000001.0, 0.006999999999999999)], [(4, 0.0, 0.006)]]",2,0.006,0.006,2025-05-08 10:29:27,fee_analysis_adv_brochures_2022_sep.zip_extracted.csv
adv_brochures_2022_sep.zip_extracted\109686_364948_2_20220920_fees_section.txt.txt,No,,,,,,,,"1.00% equity, 0.50% fixed income, 0.75% blended [VERIFIED]",No,No,No,9,3,0,29,4644,109686,364948,2022-09-20,sep,2022,False,,,,,,False,,,,False,,,,False,,,,False,,,,False,,,,False,,,,False,,,,False,,,,False,,,,False,,,,False,,,,False,,,,False,,,,False,0.01,0.01,0.01,False,,,,False,0.0,0,0,0.0,0.07692307692307693,[],0,,,2025-05-08 10:29:27,fee_analysis_adv_brochures_2022_sep.zip_extracted.csv
adv_brochures_2022_sep.zip_extracted\109686_372724_1_20220920_fees_section.txt.txt,No,,,,,,,,,No,Yes,No,,3,0,29,4642,109686,372724,2022-09-20,sep,2022,False,,,,,,False,,,,False,,,,False,,,,False,,,,False,,,,False,,,,False,,,,False,,,,False,,,,False,,,,False,,,,False,,,,False,,,,False,,,,False,,,,False,0.0,0,1,0.0,0.0,[],0,,,2025-05-08 10:29:27,fee_analysis_adv_brochures_2022_sep.zip_extracted.csv
adv_brochures_2022_sep.zip_extracted\109698_372609_1_20220915_fees_section.txt.txt,No,,,,,,,,,"$1,000,000 [VERIFIED]",Yes,No,10,1,1,35,5905,109698,372609,2022-09-15,sep,2022,False,,,,,,False,,,,False,,,,False,,,,False,,,,False,,,,False,,,,False,,,,False,,,,False,,,,False,,,,False,,,,False,,,,False,,,,False,,,,False,,,,False,1000000.0,1,1,0.0,0.07692307692307693,[],0,,,2025-05-08 10:29:27,fee_analysis_adv_brochures_2022_sep.zip_extracted.csv
adv_brochures_2022_sep.zip_extracted\109796_373022_1_20220930_fees_section.txt.txt,"$1,250 - $5,000 [VERIFIED]","$0 - $500,000 (N/A) [VERIFIED]","$500,001+ (0.35% - 1.50%) [VERIFIED]",,,,,,,"$500,000 [VERIFIED]",Yes,No,"1,2,3,10",4,3,60,9716,109796,373022,2022-09-30,sep,2022,"$1,250 - $5,000 [VERIFIED]",1250.0,"$1,250 - $5,000 [VERIFIED]",,,0.015,False,0.0,500000.0,,False,0.0034999999999999996,0.015,0.0034999999999999996,True,0.0,inf,500001.0,True,,,,False,,,,False,,,,False,,,,False,,,,False,,,,False,,,,False,,,,False,,,,False,,,,False,,,,False,,,,False,500001.0,1,1,0.0,0.3076923076923077,"[[(1, 0, 0.0034999999999999996)]]",1,0.0034999999999999996,0.0035,2025-05-08 10:29:27,fee_analysis_adv_brochures_2022_sep.zip_extracted.csv
adv_brochures_2022_sep.zip_extracted\109846_313761_9_20220916_fees_section.txt.txt,No,,,,,,,$0 - $X (0.0% - 1.25%) [VERIFIED],,No,Yes,No,8,2,3,49,22922,109846,313761,2022-09-16,sep,2022,False,,,,,0.0125,False,,,,False,,,0.0,False,,,,False,,,,False,,,,False,,,,False,,,,False,,,,False,,,,False,,,,False,,,,False,0.0,0.0125,,True,0.0,0.0,,False,,,,False,,,,False,0.0,0,1,0.0,0.07692307692307693,"[[(1, 0, 0.0)]]",1,0.0,0.0,2025-05-08 10:29:27,fee_analysis_adv_brochures_2022_sep.zip_extracted.csv
adv_brochures_2022_sep.zip_extracted\109846_313762_10_20220916_fees_section.txt.txt,No fee information available.,-1,-1,-1,-1,-1,-1,-1,-1,-1,-1,-1,-1,0,0,0,80,109846,313762,2022-09-16,sep,2022,No fee information available.,,,,,,False,,,,False,,,,False,,,,False,,,,False,,,,False,,,,False,,,,False,,,,False,,,,False,,,,False,,,,False,,,,False,,,,False,,,,False,,,,False,0.0,0,0,0.0,0.07692307692307693,[],0,,,2025-05-08 10:29:27,fee_analysis_adv_brochures_2022_sep.zip_extracted.csv
adv_brochures_2022_sep.zip_extracted\109981_332254_5_20220916_fees_section.txt.txt,"""No fee information available.""",-1,-1,-1,-1,-1,-1,-1,-1,-1,-1,-1,-1,0,0,65,21371,109981,332254,2022-09-16,sep,2022,"""No fee information available.""",,,,,,False,,,,False,,,,False,,,,False,,,,False,,,,False,,,,False,,,,False,,,,False,,,,False,,,,False,,,,False,,,,False,,,,False,,,,False,,,,False,0.0,0,0,0.0,0.07692307692307693,[],0,,,2025-05-08 10:29:27,fee_analysis_adv_brochures_2022_sep.zip_extracted.csv
adv_brochures_2022_sep.zip_extracted\110005_365610_2_20220920_fees_section.txt.txt,No,,,,,,,"$0 - $10,000,000 (0.00% - 0.10%) [VERIFIED]",,No,No,No,8,4,0,26,4260,110005,365610,2022-09-20,sep,2022,False,,,,,0.001,False,,,,False,,,0.0,False,,,,False,,,,False,,,,False,,,,False,,,,False,,,,False,,,,False,,,,False,,,,False,0.0,0.001,,True,0.0,10000000.0,,False,,,,False,,,,False,0.0,0,0,0.0,0.07692307692307693,"[[(1, 0, 0.0)]]",1,0.0,0.0,2025-05-08 10:29:27,fee_analysis_adv_brochures_2022_sep.zip_extracted.csv
adv_brochures_2022_sep.zip_extracted\110039_43906_16_20220926_fees_section.txt.txt,No,,,,,,,,"$20,000 (0.4% - 0.8%) [VERIFIED]",No,Yes,No,9,3,3,41,7031,110039,43906,2022-09-26,sep,2022,False,,,,,0.008,False,,,,False,,,0.004,False,,,,False,,,,False,,,,False,,,,False,,,,False,,,,False,,,,False,,,,False,,,,False,,,,False,,,,False,0.004,0.008,,True,20000.0,20000.0,,False,0.0,0,1,0.0,0.07692307692307693,"[[(1, 0, 0.004)]]",1,0.004,0.004,2025-05-08 10:29:27,fee_analysis_adv_brochures_2022_sep.zip_extracted.csv
adv_brochures_2022_sep.zip_extracted\110057_38705_16_20220929_fees_section.txt.txt,No,"$0 - $1,000,000 (0.35%) [VERIFIED]","$1,000,001 - $2,000,000 (0.30%) [VERIFIED]","$2,000,001 - $3,000,000 (0.25%) [VERIFIED]","$3,000,001 - $4,000,000 (0.20%) [VERIFIED]","$4,000,001+ (0.15%) [VERIFIED]",,,,"$1,000,000 [VERIFIED]",Yes,No,"2,3,4,5,6,10",12,13,36,4694,110057,38705,2022-09-29,sep,2022,False,,,0.0034999999999999996,0.0034999999999999996,0.0034999999999999996,False,0.0,1000000.0,,False,0.003,0.003,0.003,False,1000001.0,2000000.0,,False,0.0025,0.0025,0.0025,False,2000001.0,3000000.0,,False,0.002,0.002,0.002,False,3000001.0,4000000.0,,False,0.0015,0.0015,0.0015,False,0.0,inf,4000001.0,True,,,,False,,,,False,,,,False,,,,False,,,,False,,,,False,1000000.0,1,1,0.0,0.46153846153846156,"[[(1, 0.0, 0.0034999999999999996), (2, 1000001.0, 0.003), (3, 2000001.0, 0.0025), (4, 3000001.0, 0.002)], [(5, 0.0, 0.0015)]]",2,0.0015,0.0015,2025-05-08 10:29:27,fee_analysis_adv_brochures_2022_sep.zip_extracted.csv
adv_brochures_2022_sep.zip_extracted\110134_255844_13_20220923_fees_section.txt.txt,No,"$0 - $1,500,000 (1.25%) [VERIFIED]","$1,500,001 - $3,000,000 (1.00%) [VERIFIED]","$3,000,001 - $5,000,000 (0.75%) [VERIFIED]","$5,000,001+ (0.60%) [VERIFIED]",,,,,"$1,000,000 [VERIFIED]",Yes,No,"2,3,4,5,10",4,10,58,11224,110134,255844,2022-09-23,sep,2022,False,,,0.0125,0.0125,0.0125,False,0.0,1500000.0,,False,0.01,0.01,0.01,False,1500001.0,3000000.0,,False,0.0075,0.0075,0.0075,False,3000001.0,5000000.0,,False,0.006,0.006,0.006,False,0.0,inf,5000001.0,True,,,,False,,,,False,,,,False,,,,False,,,,False,,,,False,,,,False,,,,False,1000000.0,1,1,0.0,0.38461538461538464,"[[(1, 0.0, 0.0125), (2, 1500001.0, 0.01), (3, 3000001.0, 0.0075)], [(4, 0.0, 0.006)]]",2,0.006,0.006,2025-05-08 10:29:27,fee_analysis_adv_brochures_2022_sep.zip_extracted.csv
adv_brochures_2022_sep.zip_extracted\110148_350853_3_20220915_fees_section.txt.txt,"""No fee information available.""",-1,-1,-1,-1,-1,-1,-1,-1,-1,-1,-1,-1,0,0,29,10214,110148,350853,2022-09-15,sep,2022,"""No fee information available.""",,,,,,False,,,,False,,,,False,,,,False,,,,False,,,,False,,,,False,,,,False,,,,False,,,,False,,,,False,,,,False,,,,False,,,,False,,,,False,,,,False,0.0,0,0,0.0,0.07692307692307693,[],0,,,2025-05-08 10:29:27,fee_analysis_adv_brochures_2022_sep.zip_extracted.csv
adv_brochures_2022_sep.zip_extracted\110226_372515_1_20220909_fees_section.txt.txt,No,"$0 - $5,000,000 (1.00%) [VERIFIED]","$5,000,001 - $20,000,000 (0.60%) [VERIFIED]","$20,000,001 - $100,000,000 (0.50%) [VERIFIED]","$100,000,001+ (Negotiable) [VERIFIED]",,,,,No,Yes,No,"2,3,4,5",3,5,20,3230,110226,372515,2022-09-09,sep,2022,False,,,0.01,0.01,0.01,False,0.0,5000000.0,,False,0.006,0.006,0.006,False,5000001.0,20000000.0,,False,0.005,0.005,0.005,False,20000001.0,100000000.0,,False,,,,False,100000001.0,inf,,False,,,,False,,,,False,,,,False,,,,False,,,,False,,,,False,,,,False,,,,False,0.0,0,1,0.0,0.3076923076923077,"[[(1, 0.0, 0.01), (2, 5000001.0, 0.006), (3, 20000001.0, 0.005)]]",1,0.01,0.01,2025-05-08 10:29:27,fee_analysis_adv_brochures_2022_sep.zip_extracted.csv
adv_brochures_2022_sep.zip_extracted\110257_14039_25_20220927_fees_section.txt.txt,No,"$0 - $500,000 (1.00%) [VERIFIED]","$500,001 - $1,000,000 (0.75%) [VERIFIED]","$1,000,001 - $2,000,000 (0.60%) [VERIFIED]","$2,000,001 - $4,000,000 (0.50%) [VERIFIED]","$4,000,001 - $7,000,000 (0.25%) [VERIFIED]","$7,000,001 - $10,000,000 (0.20%) [VERIFIED]","$10,000,000+ (0.375%) [VERIFIED]",,No,Yes,No,"2,3,4,5,6,7,8",7,10,36,5690,110257,14039,2022-09-27,sep,2022,False,,,0.01,0.01,0.01,False,0.0,500000.0,,False,0.0075,0.0075,0.0075,False,500001.0,1000000.0,,False,0.006,0.006,0.006,False,1000001.0,2000000.0,,False,0.005,0.005,0.005,False,2000001.0,4000000.0,,False,0.0025,0.0025,0.0025,False,4000001.0,7000000.0,,False,0.002,0.002,0.002,False,7000001.0,10000000.0,,False,0.00375,0.00375,0.00375,False,0.0,inf,10000000.0,True,,,,False,,,,False,0.0,0,1,0.0,0.5384615384615384,"[[(1, 0.0, 0.01), (2, 500001.0, 0.0075), (3, 1000001.0, 0.006), (4, 2000001.0, 0.005), (5, 4000001.0, 0.0025), (6, 7000001.0, 0.002)], [(7, 0.0, 0.00375)]]",2,0.00375,0.00375,2025-05-08 10:29:27,fee_analysis_adv_brochures_2022_sep.zip_extracted.csv
adv_brochures_2022_sep.zip_extracted\110268_75177_17_20220914_fees_section.txt.txt,No,"$0 - $2,000,000 (0.95%) [VERIFIED]","$2,000,001 - $5,000,000 (0.75%) [VERIFIED]","$5,000,001 - $10,000,000 (0.50%) [VERIFIED]","$10,000,001 - $25,000,000 (0.35%) [VERIFIED]","$25,000,001 - $50,000,000 (0.25%) [VERIFIED]","$50,000,000+ (0.20%) [VERIFIED]",,,"$5,000 [VERIFIED]",Yes,No,"2,3,4,5,6,7,10",10,12,62,6982,110268,75177,2022-09-14,sep,2022,False,,,0.0095,0.0095,0.0095,False,0.0,2000000.0,,False,0.0075,0.0075,0.0075,False,2000001.0,5000000.0,,False,0.005,0.005,0.005,False,5000001.0,10000000.0,,False,0.0034999999999999996,0.0034999999999999996,0.0034999999999999996,False,10000001.0,25000000.0,,False,0.0025,0.0025,0.0025,False,25000001.0,50000000.0,,False,0.002,0.002,0.002,False,0.0,inf,50000000.0,True,,,,False,,,,False,,,,False,,,,False,5000.0,1,1,0.0,0.5384615384615384,"[[(1, 0.0, 0.0095), (2, 2000001.0, 0.0075), (3, 5000001.0, 0.005), (4, 10000001.0, 0.0034999999999999996), (5, 25000001.0, 0.0025)], [(6, 0.0, 0.002)]]",2,0.002,0.002,2025-05-08 10:29:27,fee_analysis_adv_brochures_2022_sep.zip_extracted.csv
adv_brochures_2022_sep.zip_extracted\110275_63588_27_20220927_fees_section.txt.txt,"$2,000 [VERIFIED]","$0 - $1,000,000 (1.25%) [VERIFIED]","$1,000,001 - $2,000,000 (1.15%) [VERIFIED]","$2,000,001 - $5,000,000 (1.10%) [VERIFIED]","$5,000,001 - $10,000,000 (0.90%) [VERIFIED]","$10,000,001 - $25,000,000 (0.80%) [VERIFIED]","$25,000,001+ (0.70%) [VERIFIED]",,,"$2,000 [VERIFIED]",Yes,No,"1,2,3,4,5,6,7,10",42,17,68,17815,110275,63588,2022-09-27,sep,2022,"$2,000 [VERIFIED]",2000.0,"$2,000 [VERIFIED]",0.0125,0.0125,0.0125,False,0.0,1000000.0,,False,0.0115,0.0115,0.0115,False,1000001.0,2000000.0,,False,0.011000000000000001,0.011000000000000001,0.011000000000000001,False,2000001.0,5000000.0,,False,0.009000000000000001,0.009000000000000001,0.009000000000000001,False,5000001.0,10000000.0,,False,0.008,0.008,0.008,False,10000001.0,25000000.0,,False,0.006999999999999999,0.006999999999999999,0.006999999999999999,False,0.0,inf,25000001.0,True,,,,False,,,,False,,,,False,,,,False,2000.0,1,1,0.0,0.6153846153846154,"[[(1, 0.0, 0.0125), (2, 1000001.0, 0.0115), (3, 2000001.0, 0.011000000000000001), (4, 5000001.0, 0.009000000000000001), (5, 10000001.0, 0.008)], [(6, 0.0, 0.006999999999999999)]]",2,0.006999999999999999,0.007,2025-05-08 10:29:27,fee_analysis_adv_brochures_2022_sep.zip_extracted.csv
adv_brochures_2022_sep.zip_extracted\110295_68738_20_20220915_fees_section.txt.txt,No fee information available.,-1,-1,-1,-1,-1,-1,-1,-1,-1,-1,-1,-1,0,0,0,7,110295,68738,2022-09-15,sep,2022,No fee information available.,,,,,,False,,,,False,,,,False,,,,False,,,,False,,,,False,,,,False,,,,False,,,,False,,,,False,,,,False,,,,False,,,,False,,,,False,,,,False,,,,False,0.0,0,0,0.0,0.07692307692307693,[],0,,,2025-05-08 10:29:27,fee_analysis_adv_brochures_2022_sep.zip_extracted.csv
adv_brochures_2022_sep.zip_extracted\110342_63302_18_20220929_fees_section.txt.txt,No,,,,,,,,"$0 - $3,000,000 (0.50%) [VERIFIED]",No,Yes,No,9,10,4,37,6630,110342,63302,2022-09-29,sep,2022,False,,,,,,False,,,,False,,,,False,,,,False,,,,False,,,,False,,,,False,,,,False,,,,False,,,,False,,,,False,,,,False,,,,False,,,,False,0.005,0.005,0.005,False,0.0,3000000.0,,False,0.0,0,1,0.0,0.07692307692307693,"[[(8, 0.0, 0.005)]]",1,0.005,0.005,2025-05-08 10:29:27,fee_analysis_adv_brochures_2022_sep.zip_extracted.csv
adv_brochures_2022_sep.zip_extracted\110398_920_20_20220927_fees_section.txt.txt,No,"$0 - $500,000 (1.00%) [VERIFIED]","$500,001 - $1,000,000 (0.75%) [VERIFIED]","$1,000,001 - $5,000,000 (0.50%) [VERIFIED]","$5,000,001+ (0.25%) [VERIFIED]",,,,,No,Yes,No,"2,3,4,5",4,5,26,4162,110398,920,2022-09-27,sep,2022,False,,,0.01,0.01,0.01,False,0.0,500000.0,,False,0.0075,0.0075,0.0075,False,500001.0,1000000.0,,False,0.005,0.005,0.005,False,1000001.0,5000000.0,,False,0.0025,0.0025,0.0025,False,0.0,inf,5000001.0,True,,,,False,,,,False,,,,False,,,,False,,,,False,,,,False,,,,False,,,,False,0.0,0,1,0.0,0.3076923076923077,"[[(1, 0.0, 0.01), (2, 500001.0, 0.0075), (3, 1000001.0, 0.005)], [(4, 0.0, 0.0025)]]",2,0.0025,0.0025,2025-05-08 10:29:27,fee_analysis_adv_brochures_2022_sep.zip_extracted.csv
adv_brochures_2022_sep.zip_extracted\110507_243814_9_20220920_fees_section.txt.txt,No,,,,,,,,$0+ (1.5%) [VERIFIED],No,Yes,No,9,2,1,23,4288,110507,243814,2022-09-20,sep,2022,False,,,,,,False,,,,False,,,,False,,,,False,,,,False,,,,False,,,,False,,,,False,,,,False,,,,False,,,,False,,,,False,,,,False,,,,False,0.015,0.015,0.015,False,0.0,inf,0.0,True,0.0,0,1,0.0,0.07692307692307693,"[[(8, 0.0, 0.015)]]",1,0.015,0.015,2025-05-08 10:29:27,fee_analysis_adv_brochures_2022_sep.zip_extracted.csv
adv_brochures_2022_sep.zip_extracted\110657_63293_17_20220928_fees_section.txt.txt,No,,,,,,,"$0 - $900,000 (0.25% - 2.0%) [VERIFIED]",,No,Yes,No,8,5,3,78,20592,110657,63293,2022-09-28,sep,2022,False,,,,,0.02,False,,,,False,,,0.0025,False,,,,False,,,,False,,,,False,,,,False,,,,False,,,,False,,,,False,,,,False,,,,False,0.0025,0.02,,True,0.0,900000.0,,False,,,,False,,,,False,0.0,0,1,0.0,0.07692307692307693,"[[(1, 0, 0.0025)]]",1,0.0025,0.0025,2025-05-08 10:29:27,fee_analysis_adv_brochures_2022_sep.zip_extracted.csv
adv_brochures_2022_sep.zip_extracted\110681_63360_12_20220928_fees_section.txt.txt,"""No fee information available.""",-1,-1,-1,-1,-1,-1,-1,-1,-1,-1,-1,-1,0,0,6,865,110681,63360,2022-09-28,sep,2022,"""No fee information available.""",,,,,,False,,,,False,,,,False,,,,False,,,,False,,,,False,,,,False,,,,False,,,,False,,,,False,,,,False,,,,False,,,,False,,,,False,,,,False,,,,False,0.0,0,0,0.0,0.07692307692307693,[],0,,,2025-05-08 10:29:27,fee_analysis_adv_brochures_2022_sep.zip_extracted.csv
adv_brochures_2022_sep.zip_extracted\110682_63362_17_20220928_fees_section.txt.txt,No fee information available.,-1,-1,-1,-1,-1,-1,-1,-1,-1,-1,-1,-1,0,0,0,0,110682,63362,2022-09-28,sep,2022,No fee information available.,,,,,,False,,,,False,,,,False,,,,False,,,,False,,,,False,,,,False,,,,False,,,,False,,,,False,,,,False,,,,False,,,,False,,,,False,,,,False,,,,False,0.0,0,0,0.0,0.07692307692307693,[],0,,,2025-05-08 10:29:27,fee_analysis_adv_brochures_2022_sep.zip_extracted.csv
adv_brochures_2022_sep.zip_extracted\110684_63346_15_20220928_fees_section.txt.txt,No fee information available.,-1,-1,-1,-1,-1,-1,-1,-1,-1,-1,-1,-1,0,0,1,161,110684,63346,2022-09-28,sep,2022,No fee information available.,,,,,,False,,,,False,,,,False,,,,False,,,,False,,,,False,,,,False,,,,False,,,,False,,,,False,,,,False,,,,False,,,,False,,,,False,,,,False,,,,False,0.0,0,0,0.0,0.07692307692307693,[],0,,,2025-05-08 10:29:27,fee_analysis_adv_brochures_2022_sep.zip_extracted.csv
adv_brochures_2022_sep.zip_extracted\110689_63300_18_20220928_fees_section.txt.txt,"""No fee information available.""",-1,-1,-1,-1,-1,-1,-1,-1,-1,-1,-1,-1,0,2,23,5469,110689,63300,2022-09-28,sep,2022,"""No fee information available.""",,,,,,False,,,,False,,,,False,,,,False,,,,False,,,,False,,,,False,,,,False,,,,False,,,,False,,,,False,,,,False,,,,False,,,,False,,,,False,,,,False,0.0,0,0,0.0,0.07692307692307693,[],0,,,2025-05-08 10:29:27,fee_analysis_adv_brochures_2022_sep.zip_extracted.csv
adv_brochures_2022_sep.zip_extracted\110739_62867_12_20220915_fees_section.txt.txt,No,"$0 - $500,000 (1.20%) [VERIFIED]","$500,001 - $1,000,000 (1.00%) [VERIFIED]","$1,000,001 - $5,000,000 (0.80%) [VERIFIED]","$5,000,001 - $10,000,000 (0.60%) [VERIFIED]","$10,000,000+ (0.40%) [VERIFIED]",,,,No,No,No,"2,3,4,5,6",8,14,17,3786,110739,62867,2022-09-15,sep,2022,False,,,0.012,0.012,0.012,False,0.0,500000.0,,False,0.01,0.01,0.01,False,500001.0,1000000.0,,False,0.008,0.008,0.008,False,1000001.0,5000000.0,,False,0.006,0.006,0.006,False,5000001.0,10000000.0,,False,0.004,0.004,0.004,False,0.0,inf,10000000.0,True,,,,False,,,,False,,,,False,,,,False,,,,False,,,,False,0.0,0,0,0.0,0.38461538461538464,"[[(1, 0.0, 0.012), (2, 500001.0, 0.01), (3, 1000001.0, 0.008), (4, 5000001.0, 0.006)], [(5, 0.0, 0.004)]]",2,0.004,0.004,2025-05-08 10:29:27,fee_analysis_adv_brochures_2022_sep.zip_extracted.csv
adv_brochures_2022_sep.zip_extracted\110743_62622_12_20220929_fees_section.txt.txt,No,"$0 - $500,000 (0.80%) [VERIFIED]","$500,001 - $1,000,000 (0.60%) [VERIFIED]","$1,000,001 - $2,000,000 (0.40%) [VERIFIED]","$2,000,001 - $5,000,000 (0.30%) [VERIFIED]","$5,000,001+ (Negotiable) [VERIFIED]",,,,"$1,000,000 [VERIFIED]",Yes,No,"2,3,4,5,6,10",7,8,45,6297,110743,62622,2022-09-29,sep,2022,False,,,0.008,0.008,0.008,False,0.0,500000.0,,False,0.006,0.006,0.006,False,500001.0,1000000.0,,False,0.004,0.004,0.004,False,1000001.0,2000000.0,,False,0.003,0.003,0.003,False,2000001.0,5000000.0,,False,,,,False,5000001.0,inf,,False,,,,False,,,,False,,,,False,,,,False,,,,False,,,,False,1000000.0,1,1,0.0,0.46153846153846156,"[[(1, 0.0, 0.008), (2, 500001.0, 0.006), (3, 1000001.0, 0.004), (4, 2000001.0, 0.003)]]",1,0.007000002000000001,0.0040000009999999996,2025-05-08 10:29:27,fee_analysis_adv_brochures_2022_sep.zip_extracted.csv
adv_brochures_2022_sep.zip_extracted\110746_372572_1_20220914_fees_section.txt.txt,No,"$0 - $249,999 (1.50%) [VERIFIED]","$250,000 - $999,999 (1.00%) [VERIFIED]","$1,000,000 - $4,999,999 (0.75%) [VERIFIED]","$5,000,000+ (Negotiated) [VERIFIED]",,,,,"$1,200 [VERIFIED]",Yes,"$5,000,000 [VERIFIED]","2,3,4,5,10,12",4,10,35,3574,110746,372572,2022-09-14,sep,2022,False,,,0.015,0.015,0.015,False,0.0,249999.0,,False,0.01,0.01,0.01,False,250000.0,999999.0,,False,0.0075,0.0075,0.0075,False,1000000.0,4999999.0,,False,,,,False,5000000.0,inf,,False,,,,False,,,,False,,,,False,,,,False,,,,False,,,,False,,,,False,,,,False,1200.0,1,1,5000000.0,0.46153846153846156,"[[(1, 0.0, 0.015), (2, 250000.0, 0.01), (3, 1000000.0, 0.0075)]]",1,0.01125,0.00825,2025-05-08 10:29:27,fee_analysis_adv_brochures_2022_sep.zip_extracted.csv
adv_brochures_2022_sep.zip_extracted\110790_372763_1_20220921_fees_section.txt.txt,No,"$0 - $2,000,000 (1.00%) [VERIFIED]","$2,000,001 - $5,000,000 (0.75%) [VERIFIED]","$5,000,001 - $10,000,000 (0.50%) [VERIFIED]","$10,000,000+ (Negotiated) [VERIFIED]","$0 - $2,000,000 (0.75%) [VERIFIED]","$2,000,001 - $5,000,000 (0.50%) [VERIFIED]","$5,000,000+ (0.25%) [VERIFIED]",$0+ (1.00%) [VERIFIED],No,Yes,No,"2,3,4,5,6,7,8,9",8,11,19,2661,110790,372763,2022-09-21,sep,2022,False,,,0.01,0.01,0.01,False,0.0,2000000.0,,False,0.0075,0.0075,0.0075,False,2000001.0,5000000.0,,False,0.005,0.005,0.005,False,5000001.0,10000000.0,,False,,,,False,10000000.0,inf,,False,0.0075,0.0075,0.0075,False,0.0,2000000.0,,False,0.005,0.005,0.005,False,2000001.0,5000000.0,,False,0.0025,0.0025,0.0025,False,0.0,inf,5000000.0,True,0.01,0.01,0.01,False,0.0,inf,0.0,True,0.0,0,1,0.0,0.6153846153846154,"[[(1, 0.0, 0.01), (2, 2000001.0, 0.0075), (3, 5000001.0, 0.005)], [(5, 0.0, 0.0075), (6, 2000001.0, 0.005)], [(7, 0.0, 0.0025)], [(8, 0.0, 0.01)]]",4,0.0025,0.0025,2025-05-08 10:29:27,fee_analysis_adv_brochures_2022_sep.zip_extracted.csv
adv_brochures_2022_sep.zip_extracted\110793_46108_33_20220923_fees_section.txt.txt,No,"$0 - $5,000,000 (1.00%) [VERIFIED]","$5,000,001 - $10,000,000 (0.75%) [VERIFIED]","$10,000,001 - $25,000,000 (0.50%) [VERIFIED]","$25,000,001 - $50,000,000 (0.40%) [VERIFIED]","$50,000,000+ (Negotiable) [VERIFIED]",,,,No,Yes,No,"2,3,4,5,6",14,10,70,14075,110793,46108,2022-09-23,sep,2022,False,,,0.01,0.01,0.01,False,0.0,5000000.0,,False,0.0075,0.0075,0.0075,False,5000001.0,10000000.0,,False,0.005,0.005,0.005,False,10000001.0,25000000.0,,False,0.004,0.004,0.004,False,25000001.0,50000000.0,,False,,,,False,50000000.0,inf,,False,,,,False,,,,False,,,,False,,,,False,,,,False,,,,False,0.0,0,1,0.0,0.38461538461538464,"[[(1, 0.0, 0.01), (2, 5000001.0, 0.0075), (3, 10000001.0, 0.005), (4, 25000001.0, 0.004)]]",1,0.01,0.01,2025-05-08 10:29:27,fee_analysis_adv_brochures_2022_sep.zip_extracted.csv
adv_brochures_2022_sep.zip_extracted\110822_89750_11_20220928_fees_section.txt.txt,No,"$0 - $200,000,000 (0.50%) [VERIFIED]","$200,000,001 - $400,000,000 (0.40%) [VERIFIED]","$400,000,001 - $600,000,000 (0.35%) [UNVERIFIED]","$600,000,001+ (0.25%) [UNVERIFIED]","$0 - $25,000,000 (0.50%) [VERIFIED]","$25,000,001 - $50,000,000 (0.45%) [VERIFIED]","$50,000,001 - $100,000,000 (0.40%) [VERIFIED]","$100,000,001+ (0.30%) [VERIFIED]",,Yes,No,"2,3,6,7,8,9",2,7,16,2001,110822,89750,2022-09-28,sep,2022,False,,,0.005,0.005,0.005,False,0.0,200000000.0,,False,0.004,0.004,0.004,False,200000001.0,400000000.0,,False,0.0034999999999999996,0.0034999999999999996,0.0034999999999999996,False,400000001.0,600000000.0,,False,0.0025,0.0025,0.0025,False,0.0,inf,600000001.0,True,0.005,0.005,0.005,False,0.0,25000000.0,,False,0.0045000000000000005,0.0045000000000000005,0.0045000000000000005,False,25000001.0,50000000.0,,False,0.004,0.004,0.004,False,50000001.0,100000000.0,,False,0.003,0.003,0.003,False,0.0,inf,100000001.0,True,0.0,0,1,0.0,0.46153846153846156,"[[(1, 0.0, 0.005), (2, 200000001.0, 0.004), (3, 400000001.0, 0.0034999999999999996)], [(4, 0.0, 0.0025)], [(5, 0.0, 0.005), (6, 25000001.0, 0.0045000000000000005), (7, 50000001.0, 0.004)], [(8, 0.0, 0.003)]]",4,0.0025,0.0025,2025-05-08 10:29:27,fee_analysis_adv_brochures_2022_sep.zip_extracted.csv
adv_brochures_2022_sep.zip_extracted\11085_37865_14_20220914_fees_section.txt.txt,No,"$0 - $20,000,000 (1.00%) [VERIFIED]","$20,000,001 - $50,000,000 (0.50%) [VERIFIED]","$50,000,001 - $100,000,000 (0.30%) [VERIFIED]","$100,000,001+ (0.25%) [VERIFIED]",,,,,"$100,000 [VERIFIED]",Yes,No,"2,3,4,5,10",10,9,46,6965,11085,37865,2022-09-14,sep,2022,False,,,0.01,0.01,0.01,False,0.0,20000000.0,,False,0.005,0.005,0.005,False,20000001.0,50000000.0,,False,0.003,0.003,0.003,False,50000001.0,100000000.0,,False,0.0025,0.0025,0.0025,False,0.0,inf,100000001.0,True,,,,False,,,,False,,,,False,,,,False,,,,False,,,,False,,,,False,,,,False,100000.0,1,1,0.0,0.38461538461538464,"[[(1, 0.0, 0.01), (2, 20000001.0, 0.005), (3, 50000001.0, 0.003)], [(4, 0.0, 0.0025)]]",2,0.0025,0.0025,2025-05-08 10:29:27,fee_analysis_adv_brochures_2022_sep.zip_extracted.csv
adv_brochures_2022_sep.zip_extracted\110885_63348_28_20220928_fees_section.txt.txt,No,"$250,000 - $1,000,000 (0.55%) [VERIFIED]","$1,000,001 - $3,000,000 (0.45%) [VERIFIED]","$3,000,001 - $10,000,000 (0.40%) [VERIFIED]","$10,000,001+ (0.38%) [VERIFIED]",,,,,"$250,000 [VERIFIED]",No,No,"2,3,4,5,10",24,9,40,7497,110885,63348,2022-09-28,sep,2022,False,,,0.0055000000000000005,0.0055000000000000005,0.0055000000000000005,False,250000.0,1000000.0,,False,0.0045000000000000005,0.0045000000000000005,0.0045000000000000005,False,1000001.0,3000000.0,,False,0.004,0.004,0.004,False,3000001.0,10000000.0,,False,0.0038,0.0038,0.0038,False,0.0,inf,10000001.0,True,,,,False,,,,False,,,,False,,,,False,,,,False,,,,False,,,,False,,,,False,250000.0,1,0,0.0,0.38461538461538464,"[[(1, 250000.0, 0.0055000000000000005), (2, 1000001.0, 0.0045000000000000005), (3, 3000001.0, 0.004)], [(4, 0.0, 0.0038)]]",2,0.0038,0.0038,2025-05-08 10:29:27,fee_analysis_adv_brochures_2022_sep.zip_extracted.csv
adv_brochures_2022_sep.zip_extracted\110921_63322_14_20220920_fees_section.txt.txt,"""No fee information available.""",,,,,,,,,,,,,0,0,12,1948,110921,63322,2022-09-20,sep,2022,"""No fee information available.""",,,,,,False,,,,False,,,,False,,,,False,,,,False,,,,False,,,,False,,,,False,,,,False,,,,False,,,,False,,,,False,,,,False,,,,False,,,,False,,,,False,0.0,0,0,0.0,0.0,[],0,,,2025-05-08 10:29:27,fee_analysis_adv_brochures_2022_sep.zip_extracted.csv
adv_brochures_2022_sep.zip_extracted\110931_319856_5_20220930_fees_section.txt.txt,No,"$0 - $1,000,000 (1.00%) [VERIFIED]","$1,000,001 - $2,500,000 (0.80%) [VERIFIED]","$2,500,001 - $5,000,000 (0.60%) [VERIFIED]","$5,000,001+ (0.50%) [VERIFIED]","$0 - $500,000 (0.70%) [VERIFIED]","$500,001 - $1,000,000 (0.60%) [VERIFIED]","$1,000,001+ (0.50%) [VERIFIED]",,No,Yes,No,"2,3,4,5,6,7,8",8,8,31,3644,110931,319856,2022-09-30,sep,2022,False,,,0.01,0.01,0.01,False,0.0,1000000.0,,False,0.008,0.008,0.008,False,1000001.0,2500000.0,,False,0.006,0.006,0.006,False,2500001.0,5000000.0,,False,0.005,0.005,0.005,False,0.0,inf,5000001.0,True,0.006999999999999999,0.006999999999999999,0.006999999999999999,False,0.0,500000.0,,False,0.006,0.006,0.006,False,500001.0,1000000.0,,False,0.005,0.005,0.005,False,0.0,inf,1000001.0,True,,,,False,,,,False,0.0,0,1,0.0,0.5384615384615384,"[[(1, 0.0, 0.01), (2, 1000001.0, 0.008), (3, 2500001.0, 0.006)], [(4, 0.0, 0.005)], [(5, 0.0, 0.006999999999999999), (6, 500001.0, 0.006)], [(7, 0.0, 0.005)]]",4,0.005,0.005,2025-05-08 10:29:27,fee_analysis_adv_brochures_2022_sep.zip_extracted.csv
adv_brochures_2022_sep.zip_extracted\110961_63323_19_20220922_fees_section.txt.txt,No,"$0 - $2,500,000 (1.00%) [VERIFIED]","$2,500,001 - $5,000,000 (0.80%) [VERIFIED]","$5,000,001 - $7,500,000 (0.60%) [VERIFIED]","$7,500,001 - $10,000,000 (0.50%) [VERIFIED]","$10,000,001 - $15,000,000 (0.40%) [VERIFIED]","$15,000,001 - $20,000,000 (0.35%) [VERIFIED]","$20,000,001+ (Negotiated) [VERIFIED]",,,Yes,,"2,3,4,5,6,7,8",20,62,50,7772,110961,63323,2022-09-22,sep,2022,False,,,0.01,0.01,0.01,False,0.0,2500000.0,,False,0.008,0.008,0.008,False,2500001.0,5000000.0,,False,0.006,0.006,0.006,False,5000001.0,7500000.0,,False,0.005,0.005,0.005,False,7500001.0,10000000.0,,False,0.004,0.004,0.004,False,10000001.0,15000000.0,,False,0.0034999999999999996,0.0034999999999999996,0.0034999999999999996,False,15000001.0,20000000.0,,False,,,,False,20000001.0,inf,,False,,,,False,,,,False,0.0,0,1,0.0,0.5384615384615384,"[[(1, 0.0, 0.01), (2, 2500001.0, 0.008), (3, 5000001.0, 0.006), (4, 7500001.0, 0.005), (5, 10000001.0, 0.004), (6, 15000001.0, 0.0034999999999999996)]]",1,0.01,0.009000000400000001,2025-05-08 10:29:27,fee_analysis_adv_brochures_2022_sep.zip_extracted.csv
adv_brochures_2022_sep.zip_extracted\110966_372995_1_20220929_fees_section.txt.txt,No,"$0 - $2,000,000 (1.00%) [VERIFIED]","$2,000,001 - $5,000,000 (0.75%) [VERIFIED]","$5,000,001+ (0.50%) [VERIFIED]",,,,,,No,Yes,No,"2,3,4",4,5,22,3195,110966,372995,2022-09-29,sep,2022,False,,,0.01,0.01,0.01,False,0.0,2000000.0,,False,0.0075,0.0075,0.0075,False,2000001.0,5000000.0,,False,0.005,0.005,0.005,False,0.0,inf,5000001.0,True,,,,False,,,,False,,,,False,,,,False,,,,False,,,,False,,,,False,,,,False,,,,False,,,,False,0.0,0,1,0.0,0.23076923076923078,"[[(1, 0.0, 0.01), (2, 2000001.0, 0.0075)], [(3, 0.0, 0.005)]]",2,0.005,0.005,2025-05-08 10:29:27,fee_analysis_adv_brochures_2022_sep.zip_extracted.csv
adv_brochures_2022_sep.zip_extracted\110986_301883_8_20220927_fees_section.txt.txt,No,"$0 - $50,000,000 (0.65%) [VERIFIED]","$50,000,001 - $100,000,000 (0.60%) [VERIFIED]","$100,000,001+ (0.55%) [VERIFIED]",,,,,,No,Yes,No,"2,3,4",12,3,28,6158,110986,301883,2022-09-27,sep,2022,False,,,0.006500000000000001,0.006500000000000001,0.006500000000000001,False,0.0,50000000.0,,False,0.006,0.006,0.006,False,50000001.0,100000000.0,,False,0.0055000000000000005,0.0055000000000000005,0.0055000000000000005,False,0.0,inf,100000001.0,True,,,,False,,,,False,,,,False,,,,False,,,,False,,,,False,,,,False,,,,False,,,,False,,,,False,0.0,0,1,0.0,0.23076923076923078,"[[(1, 0.0, 0.006500000000000001), (2, 50000001.0, 0.006)], [(3, 0.0, 0.0055000000000000005)]]",2,0.0055000000000000005,0.0055000000000000005,2025-05-08 10:29:27,fee_analysis_adv_brochures_2022_sep.zip_extracted.csv
adv_brochures_2022_sep.zip_extracted\111016_368926_2_20220919_fees_section.txt.txt,"""No fee information available.""",-1,-1,-1,-1,-1,-1,-1,-1,-1,-1,-1,-1,0,0,0,0,111016,368926,2022-09-19,sep,2022,"""No fee information available.""",,,,,,False,,,,False,,,,False,,,,False,,,,False,,,,False,,,,False,,,,False,,,,False,,,,False,,,,False,,,,False,,,,False,,,,False,,,,False,,,,False,0.0,0,0,0.0,0.07692307692307693,[],0,,,2025-05-08 10:29:27,fee_analysis_adv_brochures_2022_sep.zip_extracted.csv
